Date,Product_ID,Store_ID,Units_Sold,Revenue,Promotion,Holiday
2022-01-01,P001,S001,163,4075.0,0,1
2022-01-01,P001,S002,148,3700.0,0,1
2022-01-01,P002,S001,129,5160.0,0,1
2022-01-01,P002,S002,159,6360.0,0,1
2022-01-01,P003,S001,152,2280.0,0,1
2022-01-01,P003,S002,164,2460.0,0,1
2022-01-02,P001,S001,114,2850.0,1,0
2022-01-02,P001,S002,86,2150.0,0,0
2022-01-02,P002,S001,96,3840.0,0,0
2022-01-02,P002,S002,90,3600.0,0,0
2022-01-02,P003,S001,85,1275.0,0,0
2022-01-02,P003,S002,92,1380.0,0,0
2022-01-03,P001,S001,86,2150.0,0,0
2022-01-03,P001,S002,80,2000.0,0,0
2022-01-03,P002,S001,69,2760.0,0,0
2022-01-03,P002,S002,72,2880.0,0,0
2022-01-03,P003,S001,90,1350.0,0,0
2022-01-03,P003,S002,113,1695.0,1,0
2022-01-04,P001,S001,70,1750.0,0,0
2022-01-04,P001,S002,78,1950.0,0,0
2022-01-04,P002,S001,80,3200.0,0,0
2022-01-04,P002,S002,89,3560.0,0,0
2022-01-04,P003,S001,84,1260.0,0,0
2022-01-04,P003,S002,80,1200.0,0,0
2022-01-05,P001,S001,72,1800.0,0,0
2022-01-05,P001,S002,112,2800.0,1,0
2022-01-05,P002,S001,116,4640.0,1,0
2022-01-05,P002,S002,90,3600.0,0,0
2022-01-05,P003,S001,72,1080.0,0,0
2022-01-05,P003,S002,75,1125.0,0,0
2022-01-06,P001,S001,74,1850.0,0,0
2022-01-06,P001,S002,99,2475.0,1,0
2022-01-06,P002,S001,81,3240.0,0,0
2022-01-06,P002,S002,87,3480.0,0,0
2022-01-06,P003,S001,91,1365.0,0,0
2022-01-06,P003,S002,72,1080.0,0,0
2022-01-07,P001,S001,87,2175.0,0,0
2022-01-07,P001,S002,85,2125.0,0,0
2022-01-07,P002,S001,69,2760.0,0,0
2022-01-07,P002,S002,70,2800.0,0,0
2022-01-07,P003,S001,108,1620.0,1,0
2022-01-07,P003,S002,69,1035.0,0,0
2022-01-08,P001,S001,91,2275.0,0,0
2022-01-08,P001,S002,100,2500.0,0,0
2022-01-08,P002,S001,124,4960.0,1,0
2022-01-08,P002,S002,102,4080.0,0,0
2022-01-08,P003,S001,98,1470.0,0,0
2022-01-08,P003,S002,96,1440.0,0,0
2022-01-09,P001,S001,94,2350.0,0,0
2022-01-09,P001,S002,85,2125.0,0,0
2022-01-09,P002,S001,100,4000.0,0,0
2022-01-09,P002,S002,96,3840.0,0,0
2022-01-09,P003,S001,115,1725.0,1,0
2022-01-09,P003,S002,103,1545.0,0,0
2022-01-10,P001,S001,70,1750.0,0,0
2022-01-10,P001,S002,72,1800.0,0,0
2022-01-10,P002,S001,114,4560.0,1,0
2022-01-10,P002,S002,89,3560.0,0,0
2022-01-10,P003,S001,94,1410.0,1,0
2022-01-10,P003,S002,105,1575.0,1,0
2022-01-11,P001,S001,116,2900.0,1,0
2022-01-11,P001,S002,70,1750.0,0,0
2022-01-11,P002,S001,78,3120.0,0,0
2022-01-11,P002,S002,115,4600.0,1,0
2022-01-11,P003,S001,80,1200.0,0,0
2022-01-11,P003,S002,73,1095.0,0,0
2022-01-12,P001,S001,76,1900.0,0,0
2022-01-12,P001,S002,99,2475.0,1,0
2022-01-12,P002,S001,85,3400.0,0,0
2022-01-12,P002,S002,91,3640.0,0,0
2022-01-12,P003,S001,96,1440.0,1,0
2022-01-12,P003,S002,75,1125.0,0,0
2022-01-13,P001,S001,69,1725.0,0,0
2022-01-13,P001,S002,80,2000.0,0,0
2022-01-13,P002,S001,75,3000.0,0,0
2022-01-13,P002,S002,96,3840.0,1,0
2022-01-13,P003,S001,80,1200.0,0,0
2022-01-13,P003,S002,96,1440.0,1,0
2022-01-14,P001,S001,86,2150.0,0,0
2022-01-14,P001,S002,86,2150.0,0,0
2022-01-14,P002,S001,83,3320.0,0,0
2022-01-14,P002,S002,81,3240.0,0,0
2022-01-14,P003,S001,88,1320.0,0,0
2022-01-14,P003,S002,72,1080.0,0,0
2022-01-15,P001,S001,99,2475.0,0,0
2022-01-15,P001,S002,82,2050.0,0,0
2022-01-15,P002,S001,88,3520.0,0,0
2022-01-15,P002,S002,87,3480.0,0,0
2022-01-15,P003,S001,93,1395.0,0,0
2022-01-15,P003,S002,112,1680.0,1,0
2022-01-16,P001,S001,85,2125.0,0,0
2022-01-16,P001,S002,139,3475.0,1,0
2022-01-16,P002,S001,101,4040.0,0,0
2022-01-16,P002,S002,127,5080.0,1,0
2022-01-16,P003,S001,89,1335.0,0,0
2022-01-16,P003,S002,108,1620.0,0,0
2022-01-17,P001,S001,109,2725.0,1,0
2022-01-17,P001,S002,76,1900.0,0,0
2022-01-17,P002,S001,90,3600.0,0,0
2022-01-17,P002,S002,113,4520.0,1,0
2022-01-17,P003,S001,70,1050.0,0,0
2022-01-17,P003,S002,90,1350.0,0,0
2022-01-18,P001,S001,68,1700.0,0,0
2022-01-18,P001,S002,84,2100.0,0,0
2022-01-18,P002,S001,72,2880.0,0,0
2022-01-18,P002,S002,85,3400.0,0,0
2022-01-18,P003,S001,74,1110.0,0,0
2022-01-18,P003,S002,74,1110.0,0,0
2022-01-19,P001,S001,86,2150.0,0,0
2022-01-19,P001,S002,89,2225.0,0,0
2022-01-19,P002,S001,82,3280.0,0,0
2022-01-19,P002,S002,77,3080.0,0,0
2022-01-19,P003,S001,74,1110.0,0,0
2022-01-19,P003,S002,101,1515.0,1,0
2022-01-20,P001,S001,109,2725.0,1,0
2022-01-20,P001,S002,80,2000.0,0,0
2022-01-20,P002,S001,80,3200.0,0,0
2022-01-20,P002,S002,86,3440.0,0,0
2022-01-20,P003,S001,69,1035.0,0,0
2022-01-20,P003,S002,72,1080.0,0,0
2022-01-21,P001,S001,119,2975.0,1,0
2022-01-21,P001,S002,100,2500.0,1,0
2022-01-21,P002,S001,91,3640.0,0,0
2022-01-21,P002,S002,92,3680.0,0,0
2022-01-21,P003,S001,116,1740.0,1,0
2022-01-21,P003,S002,78,1170.0,0,0
2022-01-22,P001,S001,119,2975.0,1,0
2022-01-22,P001,S002,98,2450.0,0,0
2022-01-22,P002,S001,133,5320.0,1,0
2022-01-22,P002,S002,85,3400.0,0,0
2022-01-22,P003,S001,111,1665.0,0,0
2022-01-22,P003,S002,97,1455.0,0,0
2022-01-23,P001,S001,135,3375.0,1,0
2022-01-23,P001,S002,102,2550.0,0,0
2022-01-23,P002,S001,91,3640.0,0,0
2022-01-23,P002,S002,137,5480.0,1,0
2022-01-23,P003,S001,141,2115.0,1,0
2022-01-23,P003,S002,97,1455.0,0,0
2022-01-24,P001,S001,84,2100.0,0,0
2022-01-24,P001,S002,88,2200.0,0,0
2022-01-24,P002,S001,100,4000.0,1,0
2022-01-24,P002,S002,71,2840.0,0,0
2022-01-24,P003,S001,69,1035.0,0,0
2022-01-24,P003,S002,81,1215.0,0,0
2022-01-25,P001,S001,83,2075.0,0,0
2022-01-25,P001,S002,69,1725.0,0,0
2022-01-25,P002,S001,100,4000.0,1,0
2022-01-25,P002,S002,81,3240.0,0,0
2022-01-25,P003,S001,74,1110.0,0,0
2022-01-25,P003,S002,70,1050.0,0,0
2022-01-26,P001,S001,81,2025.0,0,0
2022-01-26,P001,S002,84,2100.0,0,0
2022-01-26,P002,S001,92,3680.0,0,0
2022-01-26,P002,S002,76,3040.0,0,0
2022-01-26,P003,S001,75,1125.0,0,0
2022-01-26,P003,S002,70,1050.0,0,0
2022-01-27,P001,S001,92,2300.0,0,0
2022-01-27,P001,S002,111,2775.0,1,0
2022-01-27,P002,S001,73,2920.0,0,0
2022-01-27,P002,S002,74,2960.0,0,0
2022-01-27,P003,S001,86,1290.0,0,0
2022-01-27,P003,S002,75,1125.0,0,0
2022-01-28,P001,S001,112,2800.0,1,0
2022-01-28,P001,S002,83,2075.0,0,0
2022-01-28,P002,S001,74,2960.0,0,0
2022-01-28,P002,S002,87,3480.0,0,0
2022-01-28,P003,S001,71,1065.0,0,0
2022-01-28,P003,S002,69,1035.0,0,0
2022-01-29,P001,S001,134,3350.0,1,0
2022-01-29,P001,S002,85,2125.0,0,0
2022-01-29,P002,S001,96,3840.0,0,0
2022-01-29,P002,S002,95,3800.0,0,0
2022-01-29,P003,S001,100,1500.0,0,0
2022-01-29,P003,S002,84,1260.0,0,0
2022-01-30,P001,S001,101,2525.0,0,0
2022-01-30,P001,S002,107,2675.0,0,0
2022-01-30,P002,S001,87,3480.0,0,0
2022-01-30,P002,S002,101,4040.0,0,0
2022-01-30,P003,S001,99,1485.0,0,0
2022-01-30,P003,S002,129,1935.0,1,0
2022-01-31,P001,S001,84,2100.0,0,0
2022-01-31,P001,S002,82,2050.0,0,0
2022-01-31,P002,S001,101,4040.0,1,0
2022-01-31,P002,S002,118,4720.0,1,0
2022-01-31,P003,S001,70,1050.0,0,0
2022-01-31,P003,S002,69,1035.0,0,0
2022-02-01,P001,S001,85,2125.0,0,0
2022-02-01,P001,S002,76,1900.0,0,0
2022-02-01,P002,S001,90,3600.0,1,0
2022-02-01,P002,S002,98,3920.0,1,0
2022-02-01,P003,S001,86,1290.0,0,0
2022-02-01,P003,S002,90,1350.0,0,0
2022-02-02,P001,S001,88,2200.0,0,0
2022-02-02,P001,S002,73,1825.0,0,0
2022-02-02,P002,S001,88,3520.0,0,0
2022-02-02,P002,S002,102,4080.0,1,0
2022-02-02,P003,S001,88,1320.0,0,0
2022-02-02,P003,S002,91,1365.0,0,0
2022-02-03,P001,S001,103,2575.0,1,0
2022-02-03,P001,S002,87,2175.0,0,0
2022-02-03,P002,S001,91,3640.0,0,0
2022-02-03,P002,S002,89,3560.0,0,0
2022-02-03,P003,S001,90,1350.0,0,0
2022-02-03,P003,S002,69,1035.0,0,0
2022-02-04,P001,S001,92,2300.0,1,0
2022-02-04,P001,S002,92,2300.0,0,0
2022-02-04,P002,S001,108,4320.0,1,0
2022-02-04,P002,S002,80,3200.0,0,0
2022-02-04,P003,S001,77,1155.0,0,0
2022-02-04,P003,S002,87,1305.0,0,0
2022-02-05,P001,S001,106,2650.0,0,0
2022-02-05,P001,S002,97,2425.0,0,0
2022-02-05,P002,S001,99,3960.0,0,0
2022-02-05,P002,S002,109,4360.0,0,0
2022-02-05,P003,S001,86,1290.0,0,0
2022-02-05,P003,S002,105,1575.0,0,0
2022-02-06,P001,S001,86,2150.0,0,0
2022-02-06,P001,S002,103,2575.0,0,0
2022-02-06,P002,S001,107,4280.0,0,0
2022-02-06,P002,S002,85,3400.0,0,0
2022-02-06,P003,S001,111,1665.0,0,0
2022-02-06,P003,S002,93,1395.0,0,0
2022-02-07,P001,S001,120,3000.0,1,0
2022-02-07,P001,S002,113,2825.0,1,0
2022-02-07,P002,S001,71,2840.0,0,0
2022-02-07,P002,S002,82,3280.0,0,0
2022-02-07,P003,S001,91,1365.0,0,0
2022-02-07,P003,S002,81,1215.0,0,0
2022-02-08,P001,S001,80,2000.0,0,0
2022-02-08,P001,S002,72,1800.0,0,0
2022-02-08,P002,S001,85,3400.0,0,0
2022-02-08,P002,S002,83,3320.0,0,0
2022-02-08,P003,S001,101,1515.0,1,0
2022-02-08,P003,S002,90,1350.0,0,0
2022-02-09,P001,S001,92,2300.0,0,0
2022-02-09,P001,S002,93,2325.0,0,0
2022-02-09,P002,S001,91,3640.0,0,0
2022-02-09,P002,S002,93,3720.0,0,0
2022-02-09,P003,S001,82,1230.0,0,0
2022-02-09,P003,S002,106,1590.0,1,0
2022-02-10,P001,S001,86,2150.0,0,0
2022-02-10,P001,S002,84,2100.0,0,0
2022-02-10,P002,S001,91,3640.0,0,0
2022-02-10,P002,S002,76,3040.0,0,0
2022-02-10,P003,S001,118,1770.0,1,0
2022-02-10,P003,S002,84,1260.0,0,0
2022-02-11,P001,S001,74,1850.0,0,0
2022-02-11,P001,S002,78,1950.0,0,0
2022-02-11,P002,S001,71,2840.0,0,0
2022-02-11,P002,S002,121,4840.0,1,0
2022-02-11,P003,S001,82,1230.0,0,0
2022-02-11,P003,S002,89,1335.0,0,0
2022-02-12,P001,S001,88,2200.0,0,0
2022-02-12,P001,S002,139,3475.0,1,0
2022-02-12,P002,S001,136,5440.0,1,0
2022-02-12,P002,S002,95,3800.0,0,0
2022-02-12,P003,S001,141,2115.0,1,0
2022-02-12,P003,S002,84,1260.0,0,0
2022-02-13,P001,S001,107,2675.0,0,0
2022-02-13,P001,S002,114,2850.0,1,0
2022-02-13,P002,S001,94,3760.0,0,0
2022-02-13,P002,S002,140,5600.0,1,0
2022-02-13,P003,S001,126,1890.0,1,0
2022-02-13,P003,S002,91,1365.0,0,0
2022-02-14,P001,S001,90,2250.0,0,0
2022-02-14,P001,S002,122,3050.0,1,0
2022-02-14,P002,S001,108,4320.0,1,0
2022-02-14,P002,S002,92,3680.0,0,0
2022-02-14,P003,S001,98,1470.0,1,0
2022-02-14,P003,S002,72,1080.0,0,0
2022-02-15,P001,S001,109,2725.0,1,0
2022-02-15,P001,S002,86,2150.0,0,0
2022-02-15,P002,S001,78,3120.0,0,0
2022-02-15,P002,S002,86,3440.0,0,0
2022-02-15,P003,S001,88,1320.0,0,0
2022-02-15,P003,S002,90,1350.0,0,0
2022-02-16,P001,S001,83,2075.0,0,0
2022-02-16,P001,S002,103,2575.0,1,0
2022-02-16,P002,S001,70,2800.0,0,0
2022-02-16,P002,S002,84,3360.0,0,0
2022-02-16,P003,S001,74,1110.0,0,0
2022-02-16,P003,S002,69,1035.0,0,0
2022-02-17,P001,S001,84,2100.0,0,0
2022-02-17,P001,S002,80,2000.0,0,0
2022-02-17,P002,S001,101,4040.0,1,0
2022-02-17,P002,S002,88,3520.0,0,0
2022-02-17,P003,S001,84,1260.0,0,0
2022-02-17,P003,S002,120,1800.0,1,0
2022-02-18,P001,S001,92,2300.0,0,0
2022-02-18,P001,S002,75,1875.0,0,0
2022-02-18,P002,S001,93,3720.0,0,0
2022-02-18,P002,S002,77,3080.0,0,0
2022-02-18,P003,S001,75,1125.0,0,0
2022-02-18,P003,S002,72,1080.0,0,0
2022-02-19,P001,S001,88,2200.0,0,0
2022-02-19,P001,S002,102,2550.0,0,0
2022-02-19,P002,S001,93,3720.0,0,0
2022-02-19,P002,S002,126,5040.0,1,0
2022-02-19,P003,S001,88,1320.0,0,0
2022-02-19,P003,S002,84,1260.0,0,0
2022-02-20,P001,S001,91,2275.0,0,0
2022-02-20,P001,S002,86,2150.0,0,0
2022-02-20,P002,S001,97,3880.0,0,0
2022-02-20,P002,S002,94,3760.0,0,0
2022-02-20,P003,S001,104,1560.0,0,0
2022-02-20,P003,S002,107,1605.0,0,0
2022-02-21,P001,S001,71,1775.0,0,0
2022-02-21,P001,S002,120,3000.0,1,0
2022-02-21,P002,S001,76,3040.0,0,0
2022-02-21,P002,S002,114,4560.0,1,0
2022-02-21,P003,S001,74,1110.0,0,0
2022-02-21,P003,S002,81,1215.0,0,0
2022-02-22,P001,S001,78,1950.0,0,0
2022-02-22,P001,S002,88,2200.0,0,0
2022-02-22,P002,S001,75,3000.0,0,0
2022-02-22,P002,S002,91,3640.0,0,0
2022-02-22,P003,S001,82,1230.0,0,0
2022-02-22,P003,S002,80,1200.0,0,0
2022-02-23,P001,S001,75,1875.0,0,0
2022-02-23,P001,S002,79,1975.0,0,0
2022-02-23,P002,S001,77,3080.0,0,0
2022-02-23,P002,S002,77,3080.0,0,0
2022-02-23,P003,S001,91,1365.0,0,0
2022-02-23,P003,S002,86,1290.0,0,0
2022-02-24,P001,S001,82,2050.0,0,0
2022-02-24,P001,S002,83,2075.0,0,0
2022-02-24,P002,S001,88,3520.0,0,0
2022-02-24,P002,S002,72,2880.0,0,0
2022-02-24,P003,S001,78,1170.0,0,0
2022-02-24,P003,S002,83,1245.0,0,0
2022-02-25,P001,S001,94,2350.0,0,0
2022-02-25,P001,S002,75,1875.0,0,0
2022-02-25,P002,S001,73,2920.0,0,0
2022-02-25,P002,S002,73,2920.0,0,0
2022-02-25,P003,S001,76,1140.0,0,0
2022-02-25,P003,S002,91,1365.0,0,0
2022-02-26,P001,S001,99,2475.0,0,0
2022-02-26,P001,S002,112,2800.0,0,0
2022-02-26,P002,S001,95,3800.0,0,0
2022-02-26,P002,S002,142,5680.0,1,0
2022-02-26,P003,S001,118,1770.0,1,0
2022-02-26,P003,S002,103,1545.0,0,0
2022-02-27,P001,S001,130,3250.0,1,0
2022-02-27,P001,S002,92,2300.0,0,0
2022-02-27,P002,S001,89,3560.0,0,0
2022-02-27,P002,S002,96,3840.0,0,0
2022-02-27,P003,S001,91,1365.0,0,0
2022-02-27,P003,S002,102,1530.0,0,0
2022-02-28,P001,S001,84,2100.0,0,0
2022-02-28,P001,S002,81,2025.0,0,0
2022-02-28,P002,S001,71,2840.0,0,0
2022-02-28,P002,S002,73,2920.0,0,0
2022-02-28,P003,S001,94,1410.0,0,0
2022-02-28,P003,S002,89,1335.0,0,0
2022-03-01,P001,S001,108,2700.0,0,0
2022-03-01,P001,S002,105,2625.0,0,0
2022-03-01,P002,S001,100,4000.0,0,0
2022-03-01,P002,S002,116,4640.0,0,0
2022-03-01,P003,S001,152,2280.0,1,0
2022-03-01,P003,S002,110,1650.0,0,0
2022-03-02,P001,S001,121,3025.0,1,0
2022-03-02,P001,S002,110,2750.0,0,0
2022-03-02,P002,S001,113,4520.0,0,0
2022-03-02,P002,S002,112,4480.0,0,0
2022-03-02,P003,S001,92,1380.0,0,0
2022-03-02,P003,S002,112,1680.0,0,0
2022-03-03,P001,S001,103,2575.0,0,0
2022-03-03,P001,S002,114,2850.0,0,0
2022-03-03,P002,S001,112,4480.0,0,0
2022-03-03,P002,S002,99,3960.0,0,0
2022-03-03,P003,S001,96,1440.0,0,0
2022-03-03,P003,S002,103,1545.0,0,0
2022-03-04,P001,S001,115,2875.0,0,0
2022-03-04,P001,S002,104,2600.0,0,0
2022-03-04,P002,S001,139,5560.0,1,0
2022-03-04,P002,S002,116,4640.0,0,0
2022-03-04,P003,S001,97,1455.0,0,0
2022-03-04,P003,S002,112,1680.0,0,0
2022-03-05,P001,S001,125,3125.0,0,0
2022-03-05,P001,S002,174,4350.0,1,0
2022-03-05,P002,S001,116,4640.0,0,0
2022-03-05,P002,S002,132,5280.0,0,0
2022-03-05,P003,S001,126,1890.0,0,0
2022-03-05,P003,S002,137,2055.0,0,0
2022-03-06,P001,S001,135,3375.0,0,0
2022-03-06,P001,S002,136,3400.0,0,0
2022-03-06,P002,S001,120,4800.0,0,0
2022-03-06,P002,S002,110,4400.0,0,0
2022-03-06,P003,S001,132,1980.0,0,0
2022-03-06,P003,S002,129,1935.0,0,0
2022-03-07,P001,S001,104,2600.0,0,0
2022-03-07,P001,S002,98,2450.0,0,0
2022-03-07,P002,S001,115,4600.0,0,0
2022-03-07,P002,S002,100,4000.0,0,0
2022-03-07,P003,S001,117,1755.0,0,0
2022-03-07,P003,S002,105,1575.0,0,0
2022-03-08,P001,S001,106,2650.0,0,0
2022-03-08,P001,S002,114,2850.0,0,0
2022-03-08,P002,S001,136,5440.0,1,0
2022-03-08,P002,S002,116,4640.0,0,0
2022-03-08,P003,S001,92,1380.0,0,0
2022-03-08,P003,S002,106,1590.0,0,0
2022-03-09,P001,S001,110,2750.0,0,0
2022-03-09,P001,S002,151,3775.0,1,0
2022-03-09,P002,S001,91,3640.0,0,0
2022-03-09,P002,S002,148,5920.0,1,0
2022-03-09,P003,S001,116,1740.0,0,0
2022-03-09,P003,S002,135,2025.0,1,0
2022-03-10,P001,S001,100,2500.0,0,0
2022-03-10,P001,S002,98,2450.0,0,0
2022-03-10,P002,S001,114,4560.0,1,0
2022-03-10,P002,S002,100,4000.0,0,0
2022-03-10,P003,S001,116,1740.0,0,0
2022-03-10,P003,S002,98,1470.0,0,0
2022-03-11,P001,S001,101,2525.0,0,0
2022-03-11,P001,S002,101,2525.0,0,0
2022-03-11,P002,S001,93,3720.0,0,0
2022-03-11,P002,S002,100,4000.0,0,0
2022-03-11,P003,S001,128,1920.0,1,0
2022-03-11,P003,S002,107,1605.0,0,0
2022-03-12,P001,S001,130,3250.0,0,0
2022-03-12,P001,S002,141,3525.0,0,0
2022-03-12,P002,S001,121,4840.0,0,0
2022-03-12,P002,S002,142,5680.0,0,0
2022-03-12,P003,S001,127,1905.0,0,0
2022-03-12,P003,S002,133,1995.0,0,0
2022-03-13,P001,S001,139,3475.0,0,0
2022-03-13,P001,S002,112,2800.0,0,0
2022-03-13,P002,S001,123,4920.0,0,0
2022-03-13,P002,S002,108,4320.0,0,0
2022-03-13,P003,S001,122,1830.0,0,0
2022-03-13,P003,S002,122,1830.0,0,0
2022-03-14,P001,S001,105,2625.0,0,0
2022-03-14,P001,S002,93,2325.0,0,0
2022-03-14,P002,S001,152,6080.0,1,0
2022-03-14,P002,S002,96,3840.0,0,0
2022-03-14,P003,S001,100,1500.0,0,0
2022-03-14,P003,S002,92,1380.0,0,0
2022-03-15,P001,S001,108,2700.0,0,0
2022-03-15,P001,S002,95,2375.0,0,0
2022-03-15,P002,S001,108,4320.0,0,0
2022-03-15,P002,S002,91,3640.0,0,0
2022-03-15,P003,S001,93,1395.0,0,0
2022-03-15,P003,S002,95,1425.0,0,0
2022-03-16,P001,S001,95,2375.0,0,0
2022-03-16,P001,S002,114,2850.0,0,0
2022-03-16,P002,S001,130,5200.0,1,0
2022-03-16,P002,S002,94,3760.0,0,0
2022-03-16,P003,S001,116,1740.0,0,0
2022-03-16,P003,S002,90,1350.0,0,0
2022-03-17,P001,S001,89,2225.0,0,0
2022-03-17,P001,S002,106,2650.0,0,0
2022-03-17,P002,S001,115,4600.0,0,0
2022-03-17,P002,S002,128,5120.0,1,0
2022-03-17,P003,S001,100,1500.0,0,0
2022-03-17,P003,S002,96,1440.0,0,0
2022-03-18,P001,S001,100,2500.0,0,0
2022-03-18,P001,S002,101,2525.0,0,0
2022-03-18,P002,S001,117,4680.0,0,0
2022-03-18,P002,S002,92,3680.0,0,0
2022-03-18,P003,S001,134,2010.0,1,0
2022-03-18,P003,S002,147,2205.0,1,0
2022-03-19,P001,S001,106,2650.0,0,0
2022-03-19,P001,S002,126,3150.0,0,0
2022-03-19,P002,S001,115,4600.0,0,0
2022-03-19,P002,S002,137,5480.0,0,0
2022-03-19,P003,S001,163,2445.0,1,0
2022-03-19,P003,S002,116,1740.0,0,0
2022-03-20,P001,S001,140,3500.0,0,0
2022-03-20,P001,S002,127,3175.0,0,0
2022-03-20,P002,S001,126,5040.0,0,0
2022-03-20,P002,S002,137,5480.0,0,0
2022-03-20,P003,S001,106,1590.0,0,0
2022-03-20,P003,S002,139,2085.0,0,0
2022-03-21,P001,S001,139,3475.0,1,0
2022-03-21,P001,S002,109,2725.0,0,0
2022-03-21,P002,S001,116,4640.0,0,0
2022-03-21,P002,S002,100,4000.0,0,0
2022-03-21,P003,S001,89,1335.0,0,0
2022-03-21,P003,S002,111,1665.0,0,0
2022-03-22,P001,S001,107,2675.0,0,0
2022-03-22,P001,S002,100,2500.0,0,0
2022-03-22,P002,S001,99,3960.0,0,0
2022-03-22,P002,S002,97,3880.0,0,0
2022-03-22,P003,S001,103,1545.0,0,0
2022-03-22,P003,S002,117,1755.0,0,0
2022-03-23,P001,S001,95,2375.0,0,0
2022-03-23,P001,S002,96,2400.0,0,0
2022-03-23,P002,S001,90,3600.0,0,0
2022-03-23,P002,S002,107,4280.0,0,0
2022-03-23,P003,S001,112,1680.0,0,0
2022-03-23,P003,S002,90,1350.0,0,0
2022-03-24,P001,S001,103,2575.0,0,0
2022-03-24,P001,S002,102,2550.0,0,0
2022-03-24,P002,S001,114,4560.0,0,0
2022-03-24,P002,S002,110,4400.0,0,0
2022-03-24,P003,S001,106,1590.0,0,0
2022-03-24,P003,S002,91,1365.0,0,0
2022-03-25,P001,S001,120,3000.0,1,0
2022-03-25,P001,S002,133,3325.0,1,0
2022-03-25,P002,S001,105,4200.0,0,0
2022-03-25,P002,S002,144,5760.0,1,0
2022-03-25,P003,S001,141,2115.0,1,0
2022-03-25,P003,S002,115,1725.0,0,0
2022-03-26,P001,S001,124,3100.0,0,0
2022-03-26,P001,S002,143,3575.0,0,0
2022-03-26,P002,S001,140,5600.0,1,0
2022-03-26,P002,S002,140,5600.0,0,0
2022-03-26,P003,S001,127,1905.0,0,0
2022-03-26,P003,S002,139,2085.0,1,0
2022-03-27,P001,S001,117,2925.0,0,0
2022-03-27,P001,S002,185,4625.0,1,0
2022-03-27,P002,S001,161,6440.0,1,0
2022-03-27,P002,S002,179,7160.0,1,0
2022-03-27,P003,S001,137,2055.0,0,0
2022-03-27,P003,S002,128,1920.0,0,0
2022-03-28,P001,S001,92,2300.0,0,0
2022-03-28,P001,S002,110,2750.0,0,0
2022-03-28,P002,S001,111,4440.0,0,0
2022-03-28,P002,S002,98,3920.0,0,0
2022-03-28,P003,S001,113,1695.0,0,0
2022-03-28,P003,S002,108,1620.0,0,0
2022-03-29,P001,S001,140,3500.0,1,0
2022-03-29,P001,S002,89,2225.0,0,0
2022-03-29,P002,S001,116,4640.0,1,0
2022-03-29,P002,S002,136,5440.0,1,0
2022-03-29,P003,S001,147,2205.0,1,0
2022-03-29,P003,S002,129,1935.0,1,0
2022-03-30,P001,S001,101,2525.0,0,0
2022-03-30,P001,S002,108,2700.0,0,0
2022-03-30,P002,S001,155,6200.0,1,0
2022-03-30,P002,S002,101,4040.0,0,0
2022-03-30,P003,S001,111,1665.0,0,0
2022-03-30,P003,S002,92,1380.0,0,0
2022-03-31,P001,S001,97,2425.0,0,0
2022-03-31,P001,S002,96,2400.0,0,0
2022-03-31,P002,S001,89,3560.0,0,0
2022-03-31,P002,S002,132,5280.0,1,0
2022-03-31,P003,S001,110,1650.0,0,0
2022-03-31,P003,S002,118,1770.0,0,0
2022-04-01,P001,S001,91,2275.0,0,0
2022-04-01,P001,S002,116,2900.0,0,0
2022-04-01,P002,S001,134,5360.0,1,0
2022-04-01,P002,S002,94,3760.0,0,0
2022-04-01,P003,S001,124,1860.0,1,0
2022-04-01,P003,S002,141,2115.0,1,0
2022-04-02,P001,S001,125,3125.0,0,0
2022-04-02,P001,S002,113,2825.0,0,0
2022-04-02,P002,S001,113,4520.0,0,0
2022-04-02,P002,S002,119,4760.0,0,0
2022-04-02,P003,S001,143,2145.0,0,0
2022-04-02,P003,S002,184,2760.0,1,0
2022-04-03,P001,S001,147,3675.0,1,0
2022-04-03,P001,S002,135,3375.0,0,0
2022-04-03,P002,S001,112,4480.0,0,0
2022-04-03,P002,S002,149,5960.0,1,0
2022-04-03,P003,S001,126,1890.0,0,0
2022-04-03,P003,S002,128,1920.0,0,0
2022-04-04,P001,S001,116,2900.0,0,0
2022-04-04,P001,S002,93,2325.0,0,0
2022-04-04,P002,S001,154,6160.0,1,0
2022-04-04,P002,S002,148,5920.0,1,0
2022-04-04,P003,S001,106,1590.0,0,0
2022-04-04,P003,S002,101,1515.0,0,0
2022-04-05,P001,S001,97,2425.0,0,0
2022-04-05,P001,S002,104,2600.0,0,0
2022-04-05,P002,S001,95,3800.0,0,0
2022-04-05,P002,S002,91,3640.0,0,0
2022-04-05,P003,S001,135,2025.0,1,0
2022-04-05,P003,S002,107,1605.0,0,0
2022-04-06,P001,S001,129,3225.0,1,0
2022-04-06,P001,S002,106,2650.0,0,0
2022-04-06,P002,S001,116,4640.0,0,0
2022-04-06,P002,S002,109,4360.0,0,0
2022-04-06,P003,S001,151,2265.0,1,0
2022-04-06,P003,S002,115,1725.0,0,0
2022-04-07,P001,S001,110,2750.0,0,0
2022-04-07,P001,S002,112,2800.0,0,0
2022-04-07,P002,S001,116,4640.0,0,0
2022-04-07,P002,S002,116,4640.0,1,0
2022-04-07,P003,S001,121,1815.0,1,0
2022-04-07,P003,S002,112,1680.0,0,0
2022-04-08,P001,S001,114,2850.0,0,0
2022-04-08,P001,S002,136,3400.0,1,0
2022-04-08,P002,S001,98,3920.0,0,0
2022-04-08,P002,S002,119,4760.0,0,0
2022-04-08,P003,S001,97,1455.0,0,0
2022-04-08,P003,S002,106,1590.0,0,0
2022-04-09,P001,S001,111,2775.0,0,0
2022-04-09,P001,S002,127,3175.0,0,0
2022-04-09,P002,S001,155,6200.0,1,0
2022-04-09,P002,S002,142,5680.0,0,0
2022-04-09,P003,S001,142,2130.0,0,0
2022-04-09,P003,S002,109,1635.0,0,0
2022-04-10,P001,S001,133,3325.0,0,0
2022-04-10,P001,S002,129,3225.0,0,0
2022-04-10,P002,S001,130,5200.0,0,0
2022-04-10,P002,S002,139,5560.0,0,0
2022-04-10,P003,S001,186,2790.0,1,0
2022-04-10,P003,S002,111,1665.0,0,0
2022-04-11,P001,S001,90,2250.0,0,0
2022-04-11,P001,S002,99,2475.0,0,0
2022-04-11,P002,S001,113,4520.0,0,0
2022-04-11,P002,S002,103,4120.0,0,0
2022-04-11,P003,S001,120,1800.0,0,0
2022-04-11,P003,S002,103,1545.0,0,0
2022-04-12,P001,S001,114,2850.0,0,0
2022-04-12,P001,S002,96,2400.0,0,0
2022-04-12,P002,S001,110,4400.0,0,0
2022-04-12,P002,S002,97,3880.0,0,0
2022-04-12,P003,S001,122,1830.0,1,0
2022-04-12,P003,S002,119,1785.0,0,0
2022-04-13,P001,S001,109,2725.0,0,0
2022-04-13,P001,S002,97,2425.0,0,0
2022-04-13,P002,S001,132,5280.0,1,0
2022-04-13,P002,S002,125,5000.0,1,0
2022-04-13,P003,S001,90,1350.0,0,0
2022-04-13,P003,S002,100,1500.0,0,0
2022-04-14,P001,S001,135,3375.0,1,0
2022-04-14,P001,S002,123,3075.0,1,0
2022-04-14,P002,S001,148,5920.0,1,0
2022-04-14,P002,S002,116,4640.0,0,0
2022-04-14,P003,S001,109,1635.0,0,0
2022-04-14,P003,S002,90,1350.0,0,0
2022-04-15,P001,S001,141,3525.0,1,0
2022-04-15,P001,S002,104,2600.0,0,0
2022-04-15,P002,S001,93,3720.0,0,0
2022-04-15,P002,S002,103,4120.0,0,0
2022-04-15,P003,S001,104,1560.0,0,0
2022-04-15,P003,S002,107,1605.0,0,0
2022-04-16,P001,S001,137,3425.0,0,0
2022-04-16,P001,S002,124,3100.0,0,0
2022-04-16,P002,S001,110,4400.0,0,0
2022-04-16,P002,S002,125,5000.0,0,0
2022-04-16,P003,S001,118,1770.0,0,0
2022-04-16,P003,S002,139,2085.0,0,0
2022-04-17,P001,S001,108,2700.0,0,0
2022-04-17,P001,S002,111,2775.0,0,0
2022-04-17,P002,S001,144,5760.0,0,0
2022-04-17,P002,S002,126,5040.0,0,0
2022-04-17,P003,S001,134,2010.0,0,0
2022-04-17,P003,S002,107,1605.0,0,0
2022-04-18,P001,S001,105,2625.0,0,0
2022-04-18,P001,S002,100,2500.0,0,0
2022-04-18,P002,S001,92,3680.0,0,0
2022-04-18,P002,S002,93,3720.0,0,0
2022-04-18,P003,S001,111,1665.0,0,0
2022-04-18,P003,S002,124,1860.0,1,0
2022-04-19,P001,S001,92,2300.0,0,0
2022-04-19,P001,S002,111,2775.0,0,0
2022-04-19,P002,S001,119,4760.0,0,0
2022-04-19,P002,S002,106,4240.0,0,0
2022-04-19,P003,S001,117,1755.0,0,0
2022-04-19,P003,S002,114,1710.0,0,0
2022-04-20,P001,S001,115,2875.0,0,0
2022-04-20,P001,S002,117,2925.0,0,0
2022-04-20,P002,S001,115,4600.0,0,0
2022-04-20,P002,S002,109,4360.0,0,0
2022-04-20,P003,S001,112,1680.0,0,0
2022-04-20,P003,S002,91,1365.0,0,0
2022-04-21,P001,S001,94,2350.0,0,0
2022-04-21,P001,S002,125,3125.0,1,0
2022-04-21,P002,S001,130,5200.0,1,0
2022-04-21,P002,S002,114,4560.0,0,0
2022-04-21,P003,S001,105,1575.0,0,0
2022-04-21,P003,S002,112,1680.0,0,0
2022-04-22,P001,S001,121,3025.0,0,0
2022-04-22,P001,S002,143,3575.0,1,0
2022-04-22,P002,S001,111,4440.0,0,0
2022-04-22,P002,S002,90,3600.0,0,0
2022-04-22,P003,S001,104,1560.0,0,0
2022-04-22,P003,S002,146,2190.0,1,0
2022-04-23,P001,S001,123,3075.0,0,0
2022-04-23,P001,S002,121,3025.0,0,0
2022-04-23,P002,S001,142,5680.0,1,0
2022-04-23,P002,S002,168,6720.0,1,0
2022-04-23,P003,S001,135,2025.0,0,0
2022-04-23,P003,S002,140,2100.0,0,0
2022-04-24,P001,S001,160,4000.0,1,0
2022-04-24,P001,S002,130,3250.0,0,0
2022-04-24,P002,S001,150,6000.0,1,0
2022-04-24,P002,S002,131,5240.0,0,0
2022-04-24,P003,S001,112,1680.0,0,0
2022-04-24,P003,S002,142,2130.0,0,0
2022-04-25,P001,S001,97,2425.0,0,0
2022-04-25,P001,S002,124,3100.0,1,0
2022-04-25,P002,S001,137,5480.0,1,0
2022-04-25,P002,S002,117,4680.0,0,0
2022-04-25,P003,S001,106,1590.0,0,0
2022-04-25,P003,S002,108,1620.0,0,0
2022-04-26,P001,S001,102,2550.0,0,0
2022-04-26,P001,S002,127,3175.0,1,0
2022-04-26,P002,S001,100,4000.0,0,0
2022-04-26,P002,S002,94,3760.0,0,0
2022-04-26,P003,S001,135,2025.0,1,0
2022-04-26,P003,S002,92,1380.0,0,0
2022-04-27,P001,S001,106,2650.0,0,0
2022-04-27,P001,S002,116,2900.0,0,0
2022-04-27,P002,S001,97,3880.0,0,0
2022-04-27,P002,S002,112,4480.0,0,0
2022-04-27,P003,S001,95,1425.0,0,0
2022-04-27,P003,S002,113,1695.0,0,0
2022-04-28,P001,S001,105,2625.0,0,0
2022-04-28,P001,S002,150,3750.0,1,0
2022-04-28,P002,S001,117,4680.0,0,0
2022-04-28,P002,S002,93,3720.0,0,0
2022-04-28,P003,S001,91,1365.0,0,0
2022-04-28,P003,S002,119,1785.0,0,0
2022-04-29,P001,S001,93,2325.0,0,0
2022-04-29,P001,S002,119,2975.0,0,0
2022-04-29,P002,S001,106,4240.0,0,0
2022-04-29,P002,S002,94,3760.0,0,0
2022-04-29,P003,S001,156,2340.0,1,0
2022-04-29,P003,S002,120,1800.0,0,0
2022-04-30,P001,S001,141,3525.0,0,0
2022-04-30,P001,S002,127,3175.0,0,0
2022-04-30,P002,S001,133,5320.0,0,0
2022-04-30,P002,S002,109,4360.0,0,0
2022-04-30,P003,S001,134,2010.0,0,0
2022-04-30,P003,S002,133,1995.0,0,0
2022-05-01,P001,S001,145,3625.0,1,0
2022-05-01,P001,S002,125,3125.0,0,0
2022-05-01,P002,S001,149,5960.0,1,0
2022-05-01,P002,S002,140,5600.0,0,0
2022-05-01,P003,S001,174,2610.0,1,0
2022-05-01,P003,S002,131,1965.0,0,0
2022-05-02,P001,S001,140,3500.0,1,0
2022-05-02,P001,S002,119,2975.0,0,0
2022-05-02,P002,S001,111,4440.0,0,0
2022-05-02,P002,S002,111,4440.0,0,0
2022-05-02,P003,S001,110,1650.0,0,0
2022-05-02,P003,S002,111,1665.0,0,0
2022-05-03,P001,S001,119,2975.0,1,0
2022-05-03,P001,S002,134,3350.0,1,0
2022-05-03,P002,S001,149,5960.0,1,0
2022-05-03,P002,S002,113,4520.0,0,0
2022-05-03,P003,S001,133,1995.0,1,0
2022-05-03,P003,S002,111,1665.0,0,0
2022-05-04,P001,S001,148,3700.0,1,0
2022-05-04,P001,S002,104,2600.0,0,0
2022-05-04,P002,S001,122,4880.0,1,0
2022-05-04,P002,S002,90,3600.0,0,0
2022-05-04,P003,S001,101,1515.0,0,0
2022-05-04,P003,S002,112,1680.0,0,0
2022-05-05,P001,S001,104,2600.0,0,0
2022-05-05,P001,S002,102,2550.0,0,0
2022-05-05,P002,S001,92,3680.0,0,0
2022-05-05,P002,S002,111,4440.0,0,0
2022-05-05,P003,S001,105,1575.0,0,0
2022-05-05,P003,S002,117,1755.0,0,0
2022-05-06,P001,S001,105,2625.0,0,0
2022-05-06,P001,S002,101,2525.0,0,0
2022-05-06,P002,S001,103,4120.0,0,0
2022-05-06,P002,S002,107,4280.0,0,0
2022-05-06,P003,S001,114,1710.0,0,0
2022-05-06,P003,S002,147,2205.0,1,0
2022-05-07,P001,S001,141,3525.0,1,0
2022-05-07,P001,S002,108,2700.0,0,0
2022-05-07,P002,S001,142,5680.0,0,0
2022-05-07,P002,S002,143,5720.0,0,0
2022-05-07,P003,S001,144,2160.0,0,0
2022-05-07,P003,S002,112,1680.0,0,0
2022-05-08,P001,S001,118,2950.0,0,0
2022-05-08,P001,S002,120,3000.0,0,0
2022-05-08,P002,S001,167,6680.0,1,0
2022-05-08,P002,S002,131,5240.0,0,0
2022-05-08,P003,S001,118,1770.0,0,0
2022-05-08,P003,S002,113,1695.0,0,0
2022-05-09,P001,S001,112,2800.0,0,0
2022-05-09,P001,S002,107,2675.0,0,0
2022-05-09,P002,S001,93,3720.0,0,0
2022-05-09,P002,S002,98,3920.0,0,0
2022-05-09,P003,S001,137,2055.0,1,0
2022-05-09,P003,S002,140,2100.0,1,0
2022-05-10,P001,S001,110,2750.0,0,0
2022-05-10,P001,S002,142,3550.0,1,0
2022-05-10,P002,S001,154,6160.0,1,0
2022-05-10,P002,S002,97,3880.0,0,0
2022-05-10,P003,S001,103,1545.0,0,0
2022-05-10,P003,S002,154,2310.0,1,0
2022-05-11,P001,S001,98,2450.0,0,0
2022-05-11,P001,S002,99,2475.0,0,0
2022-05-11,P002,S001,135,5400.0,1,0
2022-05-11,P002,S002,93,3720.0,0,0
2022-05-11,P003,S001,104,1560.0,0,0
2022-05-11,P003,S002,95,1425.0,0,0
2022-05-12,P001,S001,118,2950.0,0,0
2022-05-12,P001,S002,93,2325.0,0,0
2022-05-12,P002,S001,111,4440.0,0,0
2022-05-12,P002,S002,108,4320.0,0,0
2022-05-12,P003,S001,103,1545.0,0,0
2022-05-12,P003,S002,106,1590.0,0,0
2022-05-13,P001,S001,123,3075.0,1,0
2022-05-13,P001,S002,103,2575.0,0,0
2022-05-13,P002,S001,113,4520.0,0,0
2022-05-13,P002,S002,122,4880.0,0,0
2022-05-13,P003,S001,93,1395.0,0,0
2022-05-13,P003,S002,109,1635.0,0,0
2022-05-14,P001,S001,111,2775.0,0,0
2022-05-14,P001,S002,143,3575.0,0,0
2022-05-14,P002,S001,121,4840.0,0,0
2022-05-14,P002,S002,122,4880.0,0,0
2022-05-14,P003,S001,128,1920.0,0,0
2022-05-14,P003,S002,139,2085.0,0,0
2022-05-15,P001,S001,129,3225.0,0,0
2022-05-15,P001,S002,173,4325.0,1,0
2022-05-15,P002,S001,121,4840.0,0,0
2022-05-15,P002,S002,134,5360.0,0,0
2022-05-15,P003,S001,174,2610.0,1,0
2022-05-15,P003,S002,136,2040.0,0,0
2022-05-16,P001,S001,92,2300.0,0,0
2022-05-16,P001,S002,121,3025.0,0,0
2022-05-16,P002,S001,112,4480.0,0,0
2022-05-16,P002,S002,107,4280.0,0,0
2022-05-16,P003,S001,105,1575.0,0,0
2022-05-16,P003,S002,101,1515.0,0,0
2022-05-17,P001,S001,116,2900.0,0,0
2022-05-17,P001,S002,127,3175.0,1,0
2022-05-17,P002,S001,95,3800.0,0,0
2022-05-17,P002,S002,156,6240.0,1,0
2022-05-17,P003,S001,117,1755.0,0,0
2022-05-17,P003,S002,110,1650.0,0,0
2022-05-18,P001,S001,115,2875.0,0,0
2022-05-18,P001,S002,117,2925.0,0,0
2022-05-18,P002,S001,113,4520.0,0,0
2022-05-18,P002,S002,100,4000.0,0,0
2022-05-18,P003,S001,102,1530.0,0,0
2022-05-18,P003,S002,120,1800.0,0,0
2022-05-19,P001,S001,100,2500.0,0,0
2022-05-19,P001,S002,105,2625.0,0,0
2022-05-19,P002,S001,107,4280.0,0,0
2022-05-19,P002,S002,138,5520.0,1,0
2022-05-19,P003,S001,153,2295.0,1,0
2022-05-19,P003,S002,120,1800.0,0,0
2022-05-20,P001,S001,117,2925.0,0,0
2022-05-20,P001,S002,119,2975.0,0,0
2022-05-20,P002,S001,151,6040.0,1,0
2022-05-20,P002,S002,100,4000.0,0,0
2022-05-20,P003,S001,103,1545.0,0,0
2022-05-20,P003,S002,113,1695.0,0,0
2022-05-21,P001,S001,146,3650.0,0,0
2022-05-21,P001,S002,140,3500.0,0,0
2022-05-21,P002,S001,142,5680.0,0,0
2022-05-21,P002,S002,166,6640.0,1,0
2022-05-21,P003,S001,138,2070.0,0,0
2022-05-21,P003,S002,128,1920.0,0,0
2022-05-22,P001,S001,114,2850.0,0,0
2022-05-22,P001,S002,111,2775.0,0,0
2022-05-22,P002,S001,114,4560.0,0,0
2022-05-22,P002,S002,169,6760.0,1,0
2022-05-22,P003,S001,163,2445.0,1,0
2022-05-22,P003,S002,128,1920.0,0,0
2022-05-23,P001,S001,94,2350.0,0,0
2022-05-23,P001,S002,97,2425.0,0,0
2022-05-23,P002,S001,111,4440.0,0,0
2022-05-23,P002,S002,93,3720.0,0,0
2022-05-23,P003,S001,105,1575.0,0,0
2022-05-23,P003,S002,123,1845.0,0,0
2022-05-24,P001,S001,113,2825.0,0,0
2022-05-24,P001,S002,128,3200.0,1,0
2022-05-24,P002,S001,94,3760.0,0,0
2022-05-24,P002,S002,94,3760.0,0,0
2022-05-24,P003,S001,93,1395.0,0,0
2022-05-24,P003,S002,123,1845.0,0,0
2022-05-25,P001,S001,144,3600.0,1,0
2022-05-25,P001,S002,111,2775.0,0,0
2022-05-25,P002,S001,104,4160.0,0,0
2022-05-25,P002,S002,119,4760.0,0,0
2022-05-25,P003,S001,97,1455.0,0,0
2022-05-25,P003,S002,104,1560.0,0,0
2022-05-26,P001,S001,149,3725.0,1,0
2022-05-26,P001,S002,91,2275.0,0,0
2022-05-26,P002,S001,106,4240.0,0,0
2022-05-26,P002,S002,99,3960.0,0,0
2022-05-26,P003,S001,95,1425.0,0,0
2022-05-26,P003,S002,98,1470.0,0,0
2022-05-27,P001,S001,98,2450.0,0,0
2022-05-27,P001,S002,152,3800.0,1,0
2022-05-27,P002,S001,138,5520.0,1,0
2022-05-27,P002,S002,108,4320.0,0,0
2022-05-27,P003,S001,118,1770.0,0,0
2022-05-27,P003,S002,106,1590.0,0,0
2022-05-28,P001,S001,122,3050.0,0,0
2022-05-28,P001,S002,127,3175.0,0,0
2022-05-28,P002,S001,124,4960.0,0,0
2022-05-28,P002,S002,139,5560.0,0,0
2022-05-28,P003,S001,190,2850.0,1,0
2022-05-28,P003,S002,121,1815.0,0,0
2022-05-29,P001,S001,126,3150.0,0,0
2022-05-29,P001,S002,142,3550.0,0,0
2022-05-29,P002,S001,144,5760.0,0,0
2022-05-29,P002,S002,134,5360.0,0,0
2022-05-29,P003,S001,144,2160.0,0,0
2022-05-29,P003,S002,133,1995.0,0,0
2022-05-30,P001,S001,108,2700.0,0,0
2022-05-30,P001,S002,115,2875.0,0,0
2022-05-30,P002,S001,113,4520.0,0,0
2022-05-30,P002,S002,94,3760.0,0,0
2022-05-30,P003,S001,93,1395.0,0,0
2022-05-30,P003,S002,91,1365.0,0,0
2022-05-31,P001,S001,149,3725.0,1,0
2022-05-31,P001,S002,100,2500.0,0,0
2022-05-31,P002,S001,116,4640.0,0,0
2022-05-31,P002,S002,97,3880.0,0,0
2022-05-31,P003,S001,94,1410.0,0,0
2022-05-31,P003,S002,116,1740.0,0,0
2022-06-01,P001,S001,105,2625.0,0,0
2022-06-01,P001,S002,141,3525.0,0,0
2022-06-01,P002,S001,133,5320.0,0,0
2022-06-01,P002,S002,119,4760.0,0,0
2022-06-01,P003,S001,109,1635.0,0,0
2022-06-01,P003,S002,133,1995.0,0,0
2022-06-02,P001,S001,124,3100.0,0,0
2022-06-02,P001,S002,141,3525.0,0,0
2022-06-02,P002,S001,116,4640.0,0,0
2022-06-02,P002,S002,165,6600.0,1,0
2022-06-02,P003,S001,132,1980.0,0,0
2022-06-02,P003,S002,168,2520.0,1,0
2022-06-03,P001,S001,117,2925.0,0,0
2022-06-03,P001,S002,147,3675.0,1,0
2022-06-03,P002,S001,121,4840.0,0,0
2022-06-03,P002,S002,127,5080.0,0,0
2022-06-03,P003,S001,148,2220.0,1,0
2022-06-03,P003,S002,112,1680.0,0,0
2022-06-04,P001,S001,201,5025.0,1,0
2022-06-04,P001,S002,162,4050.0,0,0
2022-06-04,P002,S001,213,8520.0,1,0
2022-06-04,P002,S002,178,7120.0,1,0
2022-06-04,P003,S001,146,2190.0,0,0
2022-06-04,P003,S002,206,3090.0,1,0
2022-06-05,P001,S001,155,3875.0,0,0
2022-06-05,P001,S002,150,3750.0,0,0
2022-06-05,P002,S001,218,8720.0,1,0
2022-06-05,P002,S002,133,5320.0,0,0
2022-06-05,P003,S001,158,2370.0,0,0
2022-06-05,P003,S002,176,2640.0,1,0
2022-06-06,P001,S001,136,3400.0,0,0
2022-06-06,P001,S002,125,3125.0,0,0
2022-06-06,P002,S001,124,4960.0,0,0
2022-06-06,P002,S002,126,5040.0,0,0
2022-06-06,P003,S001,137,2055.0,0,0
2022-06-06,P003,S002,133,1995.0,0,0
2022-06-07,P001,S001,122,3050.0,0,0
2022-06-07,P001,S002,114,2850.0,0,0
2022-06-07,P002,S001,142,5680.0,0,0
2022-06-07,P002,S002,120,4800.0,0,0
2022-06-07,P003,S001,146,2190.0,1,0
2022-06-07,P003,S002,132,1980.0,0,0
2022-06-08,P001,S001,112,2800.0,0,0
2022-06-08,P001,S002,134,3350.0,0,0
2022-06-08,P002,S001,105,4200.0,0,0
2022-06-08,P002,S002,106,4240.0,0,0
2022-06-08,P003,S001,113,1695.0,0,0
2022-06-08,P003,S002,154,2310.0,1,0
2022-06-09,P001,S001,111,2775.0,0,0
2022-06-09,P001,S002,138,3450.0,0,0
2022-06-09,P002,S001,155,6200.0,1,0
2022-06-09,P002,S002,132,5280.0,0,0
2022-06-09,P003,S001,165,2475.0,1,0
2022-06-09,P003,S002,120,1800.0,0,0
2022-06-10,P001,S001,105,2625.0,0,0
2022-06-10,P001,S002,118,2950.0,0,0
2022-06-10,P002,S001,109,4360.0,0,0
2022-06-10,P002,S002,123,4920.0,0,0
2022-06-10,P003,S001,107,1605.0,0,0
2022-06-10,P003,S002,126,1890.0,0,0
2022-06-11,P001,S001,153,3825.0,0,0
2022-06-11,P001,S002,162,4050.0,0,0
2022-06-11,P002,S001,163,6520.0,0,0
2022-06-11,P002,S002,130,5200.0,0,0
2022-06-11,P003,S001,141,2115.0,0,0
2022-06-11,P003,S002,158,2370.0,0,0
2022-06-12,P001,S001,149,3725.0,0,0
2022-06-12,P001,S002,133,3325.0,0,0
2022-06-12,P002,S001,146,5840.0,0,0
2022-06-12,P002,S002,136,5440.0,0,0
2022-06-12,P003,S001,159,2385.0,0,0
2022-06-12,P003,S002,219,3285.0,1,0
2022-06-13,P001,S001,121,3025.0,0,0
2022-06-13,P001,S002,135,3375.0,0,0
2022-06-13,P002,S001,121,4840.0,0,0
2022-06-13,P002,S002,156,6240.0,1,0
2022-06-13,P003,S001,127,1905.0,0,0
2022-06-13,P003,S002,119,1785.0,0,0
2022-06-14,P001,S001,106,2650.0,0,0
2022-06-14,P001,S002,136,3400.0,0,0
2022-06-14,P002,S001,125,5000.0,0,0
2022-06-14,P002,S002,140,5600.0,0,0
2022-06-14,P003,S001,121,1815.0,0,0
2022-06-14,P003,S002,178,2670.0,1,0
2022-06-15,P001,S001,135,3375.0,0,0
2022-06-15,P001,S002,123,3075.0,0,0
2022-06-15,P002,S001,108,4320.0,0,0
2022-06-15,P002,S002,124,4960.0,0,0
2022-06-15,P003,S001,133,1995.0,0,0
2022-06-15,P003,S002,111,1665.0,0,0
2022-06-16,P001,S001,110,2750.0,0,0
2022-06-16,P001,S002,130,3250.0,0,0
2022-06-16,P002,S001,140,5600.0,1,0
2022-06-16,P002,S002,116,4640.0,0,0
2022-06-16,P003,S001,115,1725.0,0,0
2022-06-16,P003,S002,149,2235.0,1,0
2022-06-17,P001,S001,134,3350.0,0,0
2022-06-17,P001,S002,134,3350.0,0,0
2022-06-17,P002,S001,124,4960.0,0,0
2022-06-17,P002,S002,108,4320.0,0,0
2022-06-17,P003,S001,144,2160.0,1,0
2022-06-17,P003,S002,121,1815.0,0,0
2022-06-18,P001,S001,167,4175.0,0,0
2022-06-18,P001,S002,156,3900.0,0,0
2022-06-18,P002,S001,197,7880.0,1,0
2022-06-18,P002,S002,168,6720.0,1,0
2022-06-18,P003,S001,138,2070.0,0,0
2022-06-18,P003,S002,171,2565.0,0,0
2022-06-19,P001,S001,156,3900.0,0,0
2022-06-19,P001,S002,152,3800.0,0,0
2022-06-19,P002,S001,170,6800.0,0,0
2022-06-19,P002,S002,142,5680.0,0,0
2022-06-19,P003,S001,134,2010.0,0,0
2022-06-19,P003,S002,138,2070.0,0,0
2022-06-20,P001,S001,165,4125.0,1,0
2022-06-20,P001,S002,110,2750.0,0,0
2022-06-20,P002,S001,173,6920.0,1,0
2022-06-20,P002,S002,132,5280.0,0,0
2022-06-20,P003,S001,109,1635.0,0,0
2022-06-20,P003,S002,124,1860.0,0,0
2022-06-21,P001,S001,141,3525.0,0,0
2022-06-21,P001,S002,170,4250.0,1,0
2022-06-21,P002,S001,121,4840.0,0,0
2022-06-21,P002,S002,126,5040.0,0,0
2022-06-21,P003,S001,125,1875.0,0,0
2022-06-21,P003,S002,160,2400.0,1,0
2022-06-22,P001,S001,135,3375.0,0,0
2022-06-22,P001,S002,115,2875.0,0,0
2022-06-22,P002,S001,118,4720.0,0,0
2022-06-22,P002,S002,125,5000.0,0,0
2022-06-22,P003,S001,139,2085.0,0,0
2022-06-22,P003,S002,180,2700.0,1,0
2022-06-23,P001,S001,123,3075.0,0,0
2022-06-23,P001,S002,175,4375.0,1,0
2022-06-23,P002,S001,108,4320.0,0,0
2022-06-23,P002,S002,140,5600.0,0,0
2022-06-23,P003,S001,124,1860.0,0,0
2022-06-23,P003,S002,130,1950.0,0,0
2022-06-24,P001,S001,156,3900.0,1,0
2022-06-24,P001,S002,142,3550.0,0,0
2022-06-24,P002,S001,125,5000.0,0,0
2022-06-24,P002,S002,135,5400.0,0,0
2022-06-24,P003,S001,130,1950.0,0,0
2022-06-24,P003,S002,121,1815.0,0,0
2022-06-25,P001,S001,197,4925.0,1,0
2022-06-25,P001,S002,158,3950.0,0,0
2022-06-25,P002,S001,141,5640.0,0,0
2022-06-25,P002,S002,218,8720.0,1,0
2022-06-25,P003,S001,171,2565.0,0,0
2022-06-25,P003,S002,136,2040.0,0,0
2022-06-26,P001,S001,167,4175.0,0,0
2022-06-26,P001,S002,134,3350.0,0,0
2022-06-26,P002,S001,155,6200.0,0,0
2022-06-26,P002,S002,167,6680.0,0,0
2022-06-26,P003,S001,195,2925.0,1,0
2022-06-26,P003,S002,190,2850.0,1,0
2022-06-27,P001,S001,170,4250.0,1,0
2022-06-27,P001,S002,112,2800.0,0,0
2022-06-27,P002,S001,159,6360.0,1,0
2022-06-27,P002,S002,106,4240.0,0,0
2022-06-27,P003,S001,126,1890.0,0,0
2022-06-27,P003,S002,139,2085.0,0,0
2022-06-28,P001,S001,133,3325.0,0,0
2022-06-28,P001,S002,138,3450.0,0,0
2022-06-28,P002,S001,164,6560.0,1,0
2022-06-28,P002,S002,118,4720.0,0,0
2022-06-28,P003,S001,137,2055.0,0,0
2022-06-28,P003,S002,119,1785.0,0,0
2022-06-29,P001,S001,137,3425.0,0,0
2022-06-29,P001,S002,113,2825.0,0,0
2022-06-29,P002,S001,137,5480.0,0,0
2022-06-29,P002,S002,115,4600.0,0,0
2022-06-29,P003,S001,119,1785.0,0,0
2022-06-29,P003,S002,134,2010.0,0,0
2022-06-30,P001,S001,129,3225.0,0,0
2022-06-30,P001,S002,138,3450.0,0,0
2022-06-30,P002,S001,143,5720.0,0,0
2022-06-30,P002,S002,111,4440.0,0,0
2022-06-30,P003,S001,118,1770.0,0,0
2022-06-30,P003,S002,109,1635.0,0,0
2022-07-01,P001,S001,138,3450.0,0,0
2022-07-01,P001,S002,138,3450.0,0,0
2022-07-01,P002,S001,130,5200.0,0,0
2022-07-01,P002,S002,125,5000.0,0,0
2022-07-01,P003,S001,114,1710.0,0,0
2022-07-01,P003,S002,118,1770.0,0,0
2022-07-02,P001,S001,170,4250.0,0,0
2022-07-02,P001,S002,211,5275.0,1,0
2022-07-02,P002,S001,158,6320.0,0,0
2022-07-02,P002,S002,168,6720.0,0,0
2022-07-02,P003,S001,153,2295.0,0,0
2022-07-02,P003,S002,148,2220.0,0,0
2022-07-03,P001,S001,167,4175.0,0,0
2022-07-03,P001,S002,145,3625.0,0,0
2022-07-03,P002,S001,172,6880.0,1,0
2022-07-03,P002,S002,129,5160.0,0,0
2022-07-03,P003,S001,169,2535.0,0,0
2022-07-03,P003,S002,166,2490.0,0,0
2022-07-04,P001,S001,141,3525.0,0,0
2022-07-04,P001,S002,137,3425.0,0,0
2022-07-04,P002,S001,143,5720.0,0,0
2022-07-04,P002,S002,118,4720.0,0,0
2022-07-04,P003,S001,152,2280.0,1,0
2022-07-04,P003,S002,144,2160.0,1,0
2022-07-05,P001,S001,127,3175.0,0,0
2022-07-05,P001,S002,115,2875.0,0,0
2022-07-05,P002,S001,124,4960.0,0,0
2022-07-05,P002,S002,129,5160.0,0,0
2022-07-05,P003,S001,118,1770.0,0,0
2022-07-05,P003,S002,108,1620.0,0,0
2022-07-06,P001,S001,180,4500.0,1,0
2022-07-06,P001,S002,129,3225.0,0,0
2022-07-06,P002,S001,147,5880.0,1,0
2022-07-06,P002,S002,115,4600.0,0,0
2022-07-06,P003,S001,108,1620.0,0,0
2022-07-06,P003,S002,144,2160.0,0,0
2022-07-07,P001,S001,164,4100.0,1,0
2022-07-07,P001,S002,138,3450.0,0,0
2022-07-07,P002,S001,111,4440.0,0,0
2022-07-07,P002,S002,141,5640.0,0,0
2022-07-07,P003,S001,138,2070.0,0,0
2022-07-07,P003,S002,166,2490.0,1,0
2022-07-08,P001,S001,123,3075.0,0,0
2022-07-08,P001,S002,123,3075.0,0,0
2022-07-08,P002,S001,129,5160.0,0,0
2022-07-08,P002,S002,160,6400.0,1,0
2022-07-08,P003,S001,130,1950.0,0,0
2022-07-08,P003,S002,133,1995.0,0,0
2022-07-09,P001,S001,151,3775.0,0,0
2022-07-09,P001,S002,145,3625.0,0,0
2022-07-09,P002,S001,157,6280.0,0,0
2022-07-09,P002,S002,202,8080.0,1,0
2022-07-09,P003,S001,151,2265.0,0,0
2022-07-09,P003,S002,131,1965.0,0,0
2022-07-10,P001,S001,144,3600.0,0,0
2022-07-10,P001,S002,130,3250.0,0,0
2022-07-10,P002,S001,140,5600.0,0,0
2022-07-10,P002,S002,186,7440.0,1,0
2022-07-10,P003,S001,137,2055.0,0,0
2022-07-10,P003,S002,141,2115.0,0,0
2022-07-11,P001,S001,126,3150.0,0,0
2022-07-11,P001,S002,107,2675.0,0,0
2022-07-11,P002,S001,108,4320.0,0,0
2022-07-11,P002,S002,119,4760.0,0,0
2022-07-11,P003,S001,167,2505.0,1,0
2022-07-11,P003,S002,118,1770.0,0,0
2022-07-12,P001,S001,158,3950.0,1,0
2022-07-12,P001,S002,130,3250.0,0,0
2022-07-12,P002,S001,120,4800.0,0,0
2022-07-12,P002,S002,140,5600.0,0,0
2022-07-12,P003,S001,133,1995.0,0,0
2022-07-12,P003,S002,145,2175.0,1,0
2022-07-13,P001,S001,122,3050.0,0,0
2022-07-13,P001,S002,122,3050.0,0,0
2022-07-13,P002,S001,174,6960.0,1,0
2022-07-13,P002,S002,118,4720.0,0,0
2022-07-13,P003,S001,186,2790.0,1,0
2022-07-13,P003,S002,139,2085.0,1,0
2022-07-14,P001,S001,109,2725.0,0,0
2022-07-14,P001,S002,109,2725.0,0,0
2022-07-14,P002,S001,133,5320.0,0,0
2022-07-14,P002,S002,121,4840.0,0,0
2022-07-14,P003,S001,121,1815.0,0,0
2022-07-14,P003,S002,123,1845.0,0,0
2022-07-15,P001,S001,109,2725.0,0,0
2022-07-15,P001,S002,120,3000.0,0,0
2022-07-15,P002,S001,172,6880.0,1,0
2022-07-15,P002,S002,120,4800.0,0,0
2022-07-15,P003,S001,107,1605.0,0,0
2022-07-15,P003,S002,141,2115.0,0,0
2022-07-16,P001,S001,168,4200.0,0,0
2022-07-16,P001,S002,134,3350.0,0,0
2022-07-16,P002,S001,171,6840.0,1,0
2022-07-16,P002,S002,135,5400.0,0,0
2022-07-16,P003,S001,147,2205.0,0,0
2022-07-16,P003,S002,150,2250.0,0,0
2022-07-17,P001,S001,130,3250.0,0,0
2022-07-17,P001,S002,154,3850.0,0,0
2022-07-17,P002,S001,162,6480.0,0,0
2022-07-17,P002,S002,167,6680.0,0,0
2022-07-17,P003,S001,148,2220.0,0,0
2022-07-17,P003,S002,141,2115.0,0,0
2022-07-18,P001,S001,137,3425.0,0,0
2022-07-18,P001,S002,137,3425.0,0,0
2022-07-18,P002,S001,181,7240.0,1,0
2022-07-18,P002,S002,160,6400.0,1,0
2022-07-18,P003,S001,129,1935.0,0,0
2022-07-18,P003,S002,130,1950.0,0,0
2022-07-19,P001,S001,133,3325.0,0,0
2022-07-19,P001,S002,113,2825.0,0,0
2022-07-19,P002,S001,112,4480.0,0,0
2022-07-19,P002,S002,156,6240.0,1,0
2022-07-19,P003,S001,108,1620.0,0,0
2022-07-19,P003,S002,131,1965.0,0,0
2022-07-20,P001,S001,110,2750.0,0,0
2022-07-20,P001,S002,119,2975.0,0,0
2022-07-20,P002,S001,130,5200.0,0,0
2022-07-20,P002,S002,115,4600.0,0,0
2022-07-20,P003,S001,162,2430.0,1,0
2022-07-20,P003,S002,112,1680.0,0,0
2022-07-21,P001,S001,108,2700.0,0,0
2022-07-21,P001,S002,144,3600.0,0,0
2022-07-21,P002,S001,109,4360.0,0,0
2022-07-21,P002,S002,122,4880.0,0,0
2022-07-21,P003,S001,108,1620.0,0,0
2022-07-21,P003,S002,124,1860.0,0,0
2022-07-22,P001,S001,141,3525.0,0,0
2022-07-22,P001,S002,143,3575.0,0,0
2022-07-22,P002,S001,141,5640.0,0,0
2022-07-22,P002,S002,139,5560.0,0,0
2022-07-22,P003,S001,154,2310.0,1,0
2022-07-22,P003,S002,159,2385.0,1,0
2022-07-23,P001,S001,144,3600.0,0,0
2022-07-23,P001,S002,136,3400.0,0,0
2022-07-23,P002,S001,153,6120.0,0,0
2022-07-23,P002,S002,167,6680.0,0,0
2022-07-23,P003,S001,142,2130.0,0,0
2022-07-23,P003,S002,138,2070.0,0,0
2022-07-24,P001,S001,144,3600.0,0,0
2022-07-24,P001,S002,173,4325.0,0,0
2022-07-24,P002,S001,145,5800.0,0,0
2022-07-24,P002,S002,135,5400.0,0,0
2022-07-24,P003,S001,157,2355.0,0,0
2022-07-24,P003,S002,147,2205.0,0,0
2022-07-25,P001,S001,183,4575.0,1,0
2022-07-25,P001,S002,129,3225.0,0,0
2022-07-25,P002,S001,115,4600.0,0,0
2022-07-25,P002,S002,109,4360.0,0,0
2022-07-25,P003,S001,128,1920.0,0,0
2022-07-25,P003,S002,144,2160.0,0,0
2022-07-26,P001,S001,175,4375.0,1,0
2022-07-26,P001,S002,140,3500.0,0,0
2022-07-26,P002,S001,137,5480.0,0,0
2022-07-26,P002,S002,138,5520.0,0,0
2022-07-26,P003,S001,141,2115.0,0,0
2022-07-26,P003,S002,147,2205.0,1,0
2022-07-27,P001,S001,145,3625.0,0,0
2022-07-27,P001,S002,140,3500.0,0,0
2022-07-27,P002,S001,122,4880.0,0,0
2022-07-27,P002,S002,115,4600.0,0,0
2022-07-27,P003,S001,122,1830.0,0,0
2022-07-27,P003,S002,126,1890.0,0,0
2022-07-28,P001,S001,140,3500.0,0,0
2022-07-28,P001,S002,160,4000.0,1,0
2022-07-28,P002,S001,178,7120.0,1,0
2022-07-28,P002,S002,144,5760.0,0,0
2022-07-28,P003,S001,112,1680.0,0,0
2022-07-28,P003,S002,162,2430.0,1,0
2022-07-29,P001,S001,184,4600.0,1,0
2022-07-29,P001,S002,141,3525.0,0,0
2022-07-29,P002,S001,127,5080.0,0,0
2022-07-29,P002,S002,143,5720.0,0,0
2022-07-29,P003,S001,126,1890.0,0,0
2022-07-29,P003,S002,135,2025.0,0,0
2022-07-30,P001,S001,135,3375.0,0,0
2022-07-30,P001,S002,146,3650.0,0,0
2022-07-30,P002,S001,185,7400.0,1,0
2022-07-30,P002,S002,173,6920.0,0,0
2022-07-30,P003,S001,175,2625.0,0,0
2022-07-30,P003,S002,167,2505.0,0,0
2022-07-31,P001,S001,130,3250.0,0,0
2022-07-31,P001,S002,167,4175.0,0,0
2022-07-31,P002,S001,136,5440.0,0,0
2022-07-31,P002,S002,164,6560.0,0,0
2022-07-31,P003,S001,164,2460.0,0,0
2022-07-31,P003,S002,205,3075.0,1,0
2022-08-01,P001,S001,110,2750.0,0,0
2022-08-01,P001,S002,107,2675.0,0,0
2022-08-01,P002,S001,96,3840.0,0,0
2022-08-01,P002,S002,97,3880.0,0,0
2022-08-01,P003,S001,163,2445.0,1,0
2022-08-01,P003,S002,125,1875.0,0,0
2022-08-02,P001,S001,103,2575.0,0,0
2022-08-02,P001,S002,110,2750.0,0,0
2022-08-02,P002,S001,117,4680.0,0,0
2022-08-02,P002,S002,96,3840.0,0,0
2022-08-02,P003,S001,103,1545.0,0,0
2022-08-02,P003,S002,103,1545.0,0,0
2022-08-03,P001,S001,162,4050.0,1,0
2022-08-03,P001,S002,124,3100.0,0,0
2022-08-03,P002,S001,109,4360.0,0,0
2022-08-03,P002,S002,115,4600.0,0,0
2022-08-03,P003,S001,148,2220.0,1,0
2022-08-03,P003,S002,115,1725.0,0,0
2022-08-04,P001,S001,123,3075.0,0,0
2022-08-04,P001,S002,109,2725.0,0,0
2022-08-04,P002,S001,114,4560.0,0,0
2022-08-04,P002,S002,116,4640.0,0,0
2022-08-04,P003,S001,117,1755.0,0,0
2022-08-04,P003,S002,157,2355.0,1,0
2022-08-05,P001,S001,111,2775.0,0,0
2022-08-05,P001,S002,119,2975.0,0,0
2022-08-05,P002,S001,110,4400.0,0,0
2022-08-05,P002,S002,98,3920.0,0,0
2022-08-05,P003,S001,95,1425.0,0,0
2022-08-05,P003,S002,104,1560.0,0,0
2022-08-06,P001,S001,133,3325.0,0,0
2022-08-06,P001,S002,124,3100.0,0,0
2022-08-06,P002,S001,115,4600.0,0,0
2022-08-06,P002,S002,147,5880.0,1,0
2022-08-06,P003,S001,142,2130.0,0,0
2022-08-06,P003,S002,117,1755.0,0,0
2022-08-07,P001,S001,123,3075.0,0,0
2022-08-07,P001,S002,163,4075.0,1,0
2022-08-07,P002,S001,148,5920.0,0,0
2022-08-07,P002,S002,149,5960.0,0,0
2022-08-07,P003,S001,151,2265.0,0,0
2022-08-07,P003,S002,140,2100.0,0,0
2022-08-08,P001,S001,107,2675.0,0,0
2022-08-08,P001,S002,117,2925.0,0,0
2022-08-08,P002,S001,99,3960.0,0,0
2022-08-08,P002,S002,116,4640.0,0,0
2022-08-08,P003,S001,155,2325.0,1,0
2022-08-08,P003,S002,152,2280.0,1,0
2022-08-09,P001,S001,97,2425.0,0,0
2022-08-09,P001,S002,115,2875.0,0,0
2022-08-09,P002,S001,106,4240.0,0,0
2022-08-09,P002,S002,144,5760.0,1,0
2022-08-09,P003,S001,109,1635.0,0,0
2022-08-09,P003,S002,106,1590.0,0,0
2022-08-10,P001,S001,96,2400.0,0,0
2022-08-10,P001,S002,108,2700.0,0,0
2022-08-10,P002,S001,159,6360.0,1,0
2022-08-10,P002,S002,116,4640.0,0,0
2022-08-10,P003,S001,123,1845.0,0,0
2022-08-10,P003,S002,116,1740.0,0,0
2022-08-11,P001,S001,104,2600.0,0,0
2022-08-11,P001,S002,116,2900.0,0,0
2022-08-11,P002,S001,104,4160.0,0,0
2022-08-11,P002,S002,107,4280.0,0,0
2022-08-11,P003,S001,101,1515.0,0,0
2022-08-11,P003,S002,135,2025.0,1,0
2022-08-12,P001,S001,96,2400.0,0,0
2022-08-12,P001,S002,111,2775.0,0,0
2022-08-12,P002,S001,122,4880.0,0,0
2022-08-12,P002,S002,107,4280.0,0,0
2022-08-12,P003,S001,95,1425.0,0,0
2022-08-12,P003,S002,108,1620.0,0,0
2022-08-13,P001,S001,129,3225.0,0,0
2022-08-13,P001,S002,137,3425.0,0,0
2022-08-13,P002,S001,132,5280.0,0,0
2022-08-13,P002,S002,174,6960.0,1,0
2022-08-13,P003,S001,125,1875.0,0,0
2022-08-13,P003,S002,144,2160.0,0,0
2022-08-14,P001,S001,152,3800.0,0,0
2022-08-14,P001,S002,114,2850.0,0,0
2022-08-14,P002,S001,145,5800.0,0,0
2022-08-14,P002,S002,124,4960.0,0,0
2022-08-14,P003,S001,125,1875.0,0,0
2022-08-14,P003,S002,134,2010.0,0,0
2022-08-15,P001,S001,107,2675.0,0,0
2022-08-15,P001,S002,104,2600.0,0,0
2022-08-15,P002,S001,127,5080.0,0,0
2022-08-15,P002,S002,124,4960.0,1,0
2022-08-15,P003,S001,156,2340.0,1,0
2022-08-15,P003,S002,109,1635.0,0,0
2022-08-16,P001,S001,104,2600.0,0,0
2022-08-16,P001,S002,102,2550.0,0,0
2022-08-16,P002,S001,110,4400.0,0,0
2022-08-16,P002,S002,110,4400.0,0,0
2022-08-16,P003,S001,126,1890.0,0,0
2022-08-16,P003,S002,157,2355.0,1,0
2022-08-17,P001,S001,146,3650.0,1,0
2022-08-17,P001,S002,126,3150.0,1,0
2022-08-17,P002,S001,102,4080.0,0,0
2022-08-17,P002,S002,99,3960.0,0,0
2022-08-17,P003,S001,120,1800.0,0,0
2022-08-17,P003,S002,99,1485.0,0,0
2022-08-18,P001,S001,150,3750.0,1,0
2022-08-18,P001,S002,117,2925.0,0,0
2022-08-18,P002,S001,106,4240.0,0,0
2022-08-18,P002,S002,135,5400.0,1,0
2022-08-18,P003,S001,124,1860.0,0,0
2022-08-18,P003,S002,96,1440.0,0,0
2022-08-19,P001,S001,95,2375.0,0,0
2022-08-19,P001,S002,109,2725.0,0,0
2022-08-19,P002,S001,126,5040.0,0,0
2022-08-19,P002,S002,102,4080.0,0,0
2022-08-19,P003,S001,117,1755.0,0,0
2022-08-19,P003,S002,103,1545.0,0,0
2022-08-20,P001,S001,171,4275.0,1,0
2022-08-20,P001,S002,131,3275.0,0,0
2022-08-20,P002,S001,120,4800.0,0,0
2022-08-20,P002,S002,122,4880.0,0,0
2022-08-20,P003,S001,147,2205.0,0,0
2022-08-20,P003,S002,189,2835.0,1,0
2022-08-21,P001,S001,160,4000.0,1,0
2022-08-21,P001,S002,158,3950.0,1,0
2022-08-21,P002,S001,199,7960.0,1,0
2022-08-21,P002,S002,153,6120.0,0,0
2022-08-21,P003,S001,124,1860.0,0,0
2022-08-21,P003,S002,137,2055.0,0,0
2022-08-22,P001,S001,115,2875.0,0,0
2022-08-22,P001,S002,131,3275.0,1,0
2022-08-22,P002,S001,125,5000.0,0,0
2022-08-22,P002,S002,165,6600.0,1,0
2022-08-22,P003,S001,127,1905.0,0,0
2022-08-22,P003,S002,100,1500.0,0,0
2022-08-23,P001,S001,119,2975.0,0,0
2022-08-23,P001,S002,116,2900.0,0,0
2022-08-23,P002,S001,100,4000.0,0,0
2022-08-23,P002,S002,120,4800.0,0,0
2022-08-23,P003,S001,95,1425.0,0,0
2022-08-23,P003,S002,106,1590.0,0,0
2022-08-24,P001,S001,133,3325.0,1,0
2022-08-24,P001,S002,102,2550.0,0,0
2022-08-24,P002,S001,123,4920.0,0,0
2022-08-24,P002,S002,98,3920.0,0,0
2022-08-24,P003,S001,95,1425.0,0,0
2022-08-24,P003,S002,117,1755.0,0,0
2022-08-25,P001,S001,104,2600.0,0,0
2022-08-25,P001,S002,125,3125.0,0,0
2022-08-25,P002,S001,125,5000.0,1,0
2022-08-25,P002,S002,107,4280.0,0,0
2022-08-25,P003,S001,120,1800.0,0,0
2022-08-25,P003,S002,165,2475.0,1,0
2022-08-26,P001,S001,107,2675.0,0,0
2022-08-26,P001,S002,103,2575.0,0,0
2022-08-26,P002,S001,107,4280.0,0,0
2022-08-26,P002,S002,103,4120.0,0,0
2022-08-26,P003,S001,125,1875.0,0,0
2022-08-26,P003,S002,112,1680.0,0,0
2022-08-27,P001,S001,115,2875.0,0,0
2022-08-27,P001,S002,121,3025.0,0,0
2022-08-27,P002,S001,163,6520.0,1,0
2022-08-27,P002,S002,178,7120.0,1,0
2022-08-27,P003,S001,137,2055.0,0,0
2022-08-27,P003,S002,144,2160.0,0,0
2022-08-28,P001,S001,128,3200.0,0,0
2022-08-28,P001,S002,198,4950.0,1,0
2022-08-28,P002,S001,170,6800.0,1,0
2022-08-28,P002,S002,133,5320.0,0,0
2022-08-28,P003,S001,122,1830.0,0,0
2022-08-28,P003,S002,121,1815.0,0,0
2022-08-29,P001,S001,123,3075.0,0,0
2022-08-29,P001,S002,97,2425.0,0,0
2022-08-29,P002,S001,126,5040.0,0,0
2022-08-29,P002,S002,108,4320.0,0,0
2022-08-29,P003,S001,160,2400.0,1,0
2022-08-29,P003,S002,118,1770.0,0,0
2022-08-30,P001,S001,117,2925.0,0,0
2022-08-30,P001,S002,124,3100.0,0,0
2022-08-30,P002,S001,104,4160.0,0,0
2022-08-30,P002,S002,96,3840.0,0,0
2022-08-30,P003,S001,120,1800.0,0,0
2022-08-30,P003,S002,109,1635.0,0,0
2022-08-31,P001,S001,97,2425.0,0,0
2022-08-31,P001,S002,133,3325.0,1,0
2022-08-31,P002,S001,105,4200.0,0,0
2022-08-31,P002,S002,95,3800.0,0,0
2022-08-31,P003,S001,127,1905.0,0,0
2022-08-31,P003,S002,117,1755.0,0,0
2022-09-01,P001,S001,123,3075.0,0,0
2022-09-01,P001,S002,105,2625.0,0,0
2022-09-01,P002,S001,119,4760.0,0,0
2022-09-01,P002,S002,131,5240.0,1,0
2022-09-01,P003,S001,125,1875.0,0,0
2022-09-01,P003,S002,167,2505.0,1,0
2022-09-02,P001,S001,108,2700.0,0,0
2022-09-02,P001,S002,117,2925.0,0,0
2022-09-02,P002,S001,113,4520.0,0,0
2022-09-02,P002,S002,101,4040.0,0,0
2022-09-02,P003,S001,115,1725.0,0,0
2022-09-02,P003,S002,125,1875.0,1,0
2022-09-03,P001,S001,138,3450.0,0,0
2022-09-03,P001,S002,143,3575.0,0,0
2022-09-03,P002,S001,118,4720.0,0,0
2022-09-03,P002,S002,135,5400.0,0,0
2022-09-03,P003,S001,152,2280.0,0,0
2022-09-03,P003,S002,185,2775.0,1,0
2022-09-04,P001,S001,133,3325.0,0,0
2022-09-04,P001,S002,185,4625.0,1,0
2022-09-04,P002,S001,149,5960.0,0,0
2022-09-04,P002,S002,147,5880.0,0,0
2022-09-04,P003,S001,128,1920.0,0,0
2022-09-04,P003,S002,154,2310.0,0,0
2022-09-05,P001,S001,154,3850.0,1,0
2022-09-05,P001,S002,114,2850.0,0,0
2022-09-05,P002,S001,145,5800.0,1,0
2022-09-05,P002,S002,100,4000.0,0,0
2022-09-05,P003,S001,120,1800.0,0,0
2022-09-05,P003,S002,96,1440.0,0,0
2022-09-06,P001,S001,124,3100.0,1,0
2022-09-06,P001,S002,128,3200.0,0,0
2022-09-06,P002,S001,103,4120.0,0,0
2022-09-06,P002,S002,123,4920.0,0,0
2022-09-06,P003,S001,128,1920.0,0,0
2022-09-06,P003,S002,112,1680.0,0,0
2022-09-07,P001,S001,124,3100.0,0,0
2022-09-07,P001,S002,122,3050.0,0,0
2022-09-07,P002,S001,108,4320.0,0,0
2022-09-07,P002,S002,124,4960.0,0,0
2022-09-07,P003,S001,106,1590.0,0,0
2022-09-07,P003,S002,124,1860.0,0,0
2022-09-08,P001,S001,122,3050.0,0,0
2022-09-08,P001,S002,116,2900.0,0,0
2022-09-08,P002,S001,123,4920.0,0,0
2022-09-08,P002,S002,124,4960.0,1,0
2022-09-08,P003,S001,97,1455.0,0,0
2022-09-08,P003,S002,105,1575.0,0,0
2022-09-09,P001,S001,107,2675.0,0,0
2022-09-09,P001,S002,106,2650.0,0,0
2022-09-09,P002,S001,109,4360.0,0,0
2022-09-09,P002,S002,122,4880.0,0,0
2022-09-09,P003,S001,110,1650.0,0,0
2022-09-09,P003,S002,106,1590.0,0,0
2022-09-10,P001,S001,130,3250.0,0,0
2022-09-10,P001,S002,183,4575.0,1,0
2022-09-10,P002,S001,140,5600.0,0,0
2022-09-10,P002,S002,131,5240.0,0,0
2022-09-10,P003,S001,118,1770.0,0,0
2022-09-10,P003,S002,126,1890.0,0,0
2022-09-11,P001,S001,154,3850.0,0,0
2022-09-11,P001,S002,135,3375.0,0,0
2022-09-11,P002,S001,154,6160.0,0,0
2022-09-11,P002,S002,131,5240.0,0,0
2022-09-11,P003,S001,143,2145.0,0,0
2022-09-11,P003,S002,128,1920.0,0,0
2022-09-12,P001,S001,104,2600.0,0,0
2022-09-12,P001,S002,112,2800.0,0,0
2022-09-12,P002,S001,105,4200.0,0,0
2022-09-12,P002,S002,128,5120.0,0,0
2022-09-12,P003,S001,98,1470.0,0,0
2022-09-12,P003,S002,127,1905.0,0,0
2022-09-13,P001,S001,98,2450.0,0,0
2022-09-13,P001,S002,116,2900.0,0,0
2022-09-13,P002,S001,104,4160.0,0,0
2022-09-13,P002,S002,128,5120.0,0,0
2022-09-13,P003,S001,118,1770.0,0,0
2022-09-13,P003,S002,116,1740.0,0,0
2022-09-14,P001,S001,105,2625.0,0,0
2022-09-14,P001,S002,125,3125.0,0,0
2022-09-14,P002,S001,129,5160.0,1,0
2022-09-14,P002,S002,127,5080.0,0,0
2022-09-14,P003,S001,125,1875.0,0,0
2022-09-14,P003,S002,115,1725.0,0,0
2022-09-15,P001,S001,118,2950.0,0,0
2022-09-15,P001,S002,96,2400.0,0,0
2022-09-15,P002,S001,104,4160.0,0,0
2022-09-15,P002,S002,128,5120.0,0,0
2022-09-15,P003,S001,124,1860.0,0,0
2022-09-15,P003,S002,118,1770.0,0,0
2022-09-16,P001,S001,129,3225.0,1,0
2022-09-16,P001,S002,110,2750.0,0,0
2022-09-16,P002,S001,121,4840.0,0,0
2022-09-16,P002,S002,143,5720.0,1,0
2022-09-16,P003,S001,110,1650.0,0,0
2022-09-16,P003,S002,96,1440.0,0,0
2022-09-17,P001,S001,140,3500.0,0,0
2022-09-17,P001,S002,125,3125.0,0,0
2022-09-17,P002,S001,118,4720.0,0,0
2022-09-17,P002,S002,150,6000.0,0,0
2022-09-17,P003,S001,115,1725.0,0,0
2022-09-17,P003,S002,123,1845.0,0,0
2022-09-18,P001,S001,125,3125.0,0,0
2022-09-18,P001,S002,133,3325.0,0,0
2022-09-18,P002,S001,139,5560.0,0,0
2022-09-18,P002,S002,118,4720.0,0,0
2022-09-18,P003,S001,194,2910.0,1,0
2022-09-18,P003,S002,193,2895.0,1,0
2022-09-19,P001,S001,148,3700.0,1,0
2022-09-19,P001,S002,117,2925.0,0,0
2022-09-19,P002,S001,121,4840.0,0,0
2022-09-19,P002,S002,98,3920.0,0,0
2022-09-19,P003,S001,127,1905.0,0,0
2022-09-19,P003,S002,114,1710.0,0,0
2022-09-20,P001,S001,108,2700.0,0,0
2022-09-20,P001,S002,154,3850.0,1,0
2022-09-20,P002,S001,111,4440.0,0,0
2022-09-20,P002,S002,104,4160.0,0,0
2022-09-20,P003,S001,110,1650.0,0,0
2022-09-20,P003,S002,118,1770.0,0,0
2022-09-21,P001,S001,127,3175.0,1,0
2022-09-21,P001,S002,137,3425.0,1,0
2022-09-21,P002,S001,96,3840.0,0,0
2022-09-21,P002,S002,113,4520.0,0,0
2022-09-21,P003,S001,112,1680.0,0,0
2022-09-21,P003,S002,129,1935.0,1,0
2022-09-22,P001,S001,110,2750.0,0,0
2022-09-22,P001,S002,105,2625.0,0,0
2022-09-22,P002,S001,101,4040.0,0,0
2022-09-22,P002,S002,102,4080.0,0,0
2022-09-22,P003,S001,126,1890.0,0,0
2022-09-22,P003,S002,155,2325.0,1,0
2022-09-23,P001,S001,106,2650.0,0,0
2022-09-23,P001,S002,104,2600.0,0,0
2022-09-23,P002,S001,114,4560.0,0,0
2022-09-23,P002,S002,108,4320.0,0,0
2022-09-23,P003,S001,160,2400.0,1,0
2022-09-23,P003,S002,127,1905.0,0,0
2022-09-24,P001,S001,167,4175.0,1,0
2022-09-24,P001,S002,136,3400.0,0,0
2022-09-24,P002,S001,196,7840.0,1,0
2022-09-24,P002,S002,131,5240.0,0,0
2022-09-24,P003,S001,136,2040.0,0,0
2022-09-24,P003,S002,150,2250.0,0,0
2022-09-25,P001,S001,149,3725.0,0,0
2022-09-25,P001,S002,190,4750.0,1,0
2022-09-25,P002,S001,140,5600.0,0,0
2022-09-25,P002,S002,143,5720.0,0,0
2022-09-25,P003,S001,143,2145.0,0,0
2022-09-25,P003,S002,120,1800.0,0,0
2022-09-26,P001,S001,96,2400.0,0,0
2022-09-26,P001,S002,121,3025.0,0,0
2022-09-26,P002,S001,101,4040.0,0,0
2022-09-26,P002,S002,97,3880.0,0,0
2022-09-26,P003,S001,126,1890.0,0,0
2022-09-26,P003,S002,108,1620.0,0,0
2022-09-27,P001,S001,104,2600.0,0,0
2022-09-27,P001,S002,117,2925.0,0,0
2022-09-27,P002,S001,98,3920.0,0,0
2022-09-27,P002,S002,104,4160.0,0,0
2022-09-27,P003,S001,129,1935.0,0,0
2022-09-27,P003,S002,115,1725.0,0,0
2022-09-28,P001,S001,111,2775.0,0,0
2022-09-28,P001,S002,120,3000.0,0,0
2022-09-28,P002,S001,102,4080.0,0,0
2022-09-28,P002,S002,110,4400.0,0,0
2022-09-28,P003,S001,153,2295.0,1,0
2022-09-28,P003,S002,100,1500.0,0,0
2022-09-29,P001,S001,100,2500.0,0,0
2022-09-29,P001,S002,101,2525.0,0,0
2022-09-29,P002,S001,103,4120.0,0,0
2022-09-29,P002,S002,127,5080.0,0,0
2022-09-29,P003,S001,113,1695.0,0,0
2022-09-29,P003,S002,97,1455.0,0,0
2022-09-30,P001,S001,98,2450.0,0,0
2022-09-30,P001,S002,115,2875.0,0,0
2022-09-30,P002,S001,120,4800.0,0,0
2022-09-30,P002,S002,96,3840.0,0,0
2022-09-30,P003,S001,114,1710.0,0,0
2022-09-30,P003,S002,161,2415.0,1,0
2022-10-01,P001,S001,176,4400.0,1,0
2022-10-01,P001,S002,148,3700.0,0,0
2022-10-01,P002,S001,123,4920.0,0,0
2022-10-01,P002,S002,197,7880.0,1,0
2022-10-01,P003,S001,119,1785.0,0,0
2022-10-01,P003,S002,148,2220.0,0,0
2022-10-02,P001,S001,161,4025.0,1,0
2022-10-02,P001,S002,151,3775.0,0,0
2022-10-02,P002,S001,138,5520.0,0,0
2022-10-02,P002,S002,154,6160.0,1,0
2022-10-02,P003,S001,119,1785.0,0,0
2022-10-02,P003,S002,148,2220.0,0,0
2022-10-03,P001,S001,130,3250.0,0,0
2022-10-03,P001,S002,107,2675.0,0,0
2022-10-03,P002,S001,108,4320.0,0,0
2022-10-03,P002,S002,99,3960.0,0,0
2022-10-03,P003,S001,112,1680.0,0,0
2022-10-03,P003,S002,119,1785.0,0,0
2022-10-04,P001,S001,97,2425.0,0,0
2022-10-04,P001,S002,119,2975.0,0,0
2022-10-04,P002,S001,96,3840.0,0,0
2022-10-04,P002,S002,160,6400.0,1,0
2022-10-04,P003,S001,98,1470.0,0,0
2022-10-04,P003,S002,116,1740.0,0,0
2022-10-05,P001,S001,122,3050.0,0,0
2022-10-05,P001,S002,148,3700.0,1,0
2022-10-05,P002,S001,119,4760.0,0,0
2022-10-05,P002,S002,122,4880.0,0,0
2022-10-05,P003,S001,103,1545.0,0,0
2022-10-05,P003,S002,159,2385.0,1,0
2022-10-06,P001,S001,159,3975.0,1,0
2022-10-06,P001,S002,119,2975.0,0,0
2022-10-06,P002,S001,151,6040.0,1,0
2022-10-06,P002,S002,102,4080.0,0,0
2022-10-06,P003,S001,121,1815.0,0,0
2022-10-06,P003,S002,103,1545.0,0,0
2022-10-07,P001,S001,105,2625.0,0,0
2022-10-07,P001,S002,111,2775.0,0,0
2022-10-07,P002,S001,148,5920.0,1,0
2022-10-07,P002,S002,99,3960.0,0,0
2022-10-07,P003,S001,109,1635.0,0,0
2022-10-07,P003,S002,155,2325.0,1,0
2022-10-08,P001,S001,127,3175.0,0,0
2022-10-08,P001,S002,127,3175.0,0,0
2022-10-08,P002,S001,185,7400.0,1,0
2022-10-08,P002,S002,127,5080.0,0,0
2022-10-08,P003,S001,144,2160.0,0,0
2022-10-08,P003,S002,140,2100.0,0,0
2022-10-09,P001,S001,143,3575.0,0,0
2022-10-09,P001,S002,192,4800.0,1,0
2022-10-09,P002,S001,124,4960.0,0,0
2022-10-09,P002,S002,145,5800.0,0,0
2022-10-09,P003,S001,134,2010.0,0,0
2022-10-09,P003,S002,126,1890.0,0,0
2022-10-10,P001,S001,127,3175.0,0,0
2022-10-10,P001,S002,116,2900.0,0,0
2022-10-10,P002,S001,119,4760.0,0,0
2022-10-10,P002,S002,127,5080.0,0,0
2022-10-10,P003,S001,140,2100.0,1,0
2022-10-10,P003,S002,170,2550.0,1,0
2022-10-11,P001,S001,163,4075.0,1,0
2022-10-11,P001,S002,116,2900.0,0,0
2022-10-11,P002,S001,100,4000.0,0,0
2022-10-11,P002,S002,140,5600.0,1,0
2022-10-11,P003,S001,124,1860.0,0,0
2022-10-11,P003,S002,170,2550.0,1,0
2022-10-12,P001,S001,98,2450.0,0,0
2022-10-12,P001,S002,101,2525.0,0,0
2022-10-12,P002,S001,109,4360.0,0,0
2022-10-12,P002,S002,116,4640.0,0,0
2022-10-12,P003,S001,119,1785.0,0,0
2022-10-12,P003,S002,97,1455.0,0,0
2022-10-13,P001,S001,118,2950.0,0,0
2022-10-13,P001,S002,98,2450.0,0,0
2022-10-13,P002,S001,153,6120.0,1,0
2022-10-13,P002,S002,118,4720.0,0,0
2022-10-13,P003,S001,152,2280.0,1,0
2022-10-13,P003,S002,131,1965.0,0,0
2022-10-14,P001,S001,112,2800.0,0,0
2022-10-14,P001,S002,110,2750.0,0,0
2022-10-14,P002,S001,117,4680.0,0,0
2022-10-14,P002,S002,167,6680.0,1,0
2022-10-14,P003,S001,115,1725.0,0,0
2022-10-14,P003,S002,131,1965.0,0,0
2022-10-15,P001,S001,186,4650.0,1,0
2022-10-15,P001,S002,189,4725.0,1,0
2022-10-15,P002,S001,118,4720.0,0,0
2022-10-15,P002,S002,144,5760.0,0,0
2022-10-15,P003,S001,131,1965.0,0,0
2022-10-15,P003,S002,160,2400.0,1,0
2022-10-16,P001,S001,145,3625.0,0,0
2022-10-16,P001,S002,143,3575.0,0,0
2022-10-16,P002,S001,123,4920.0,0,0
2022-10-16,P002,S002,141,5640.0,0,0
2022-10-16,P003,S001,145,2175.0,0,0
2022-10-16,P003,S002,144,2160.0,0,0
2022-10-17,P001,S001,134,3350.0,1,0
2022-10-17,P001,S002,124,3100.0,0,0
2022-10-17,P002,S001,121,4840.0,0,0
2022-10-17,P002,S002,162,6480.0,1,0
2022-10-17,P003,S001,150,2250.0,1,0
2022-10-17,P003,S002,111,1665.0,0,0
2022-10-18,P001,S001,116,2900.0,0,0
2022-10-18,P001,S002,128,3200.0,0,0
2022-10-18,P002,S001,117,4680.0,0,0
2022-10-18,P002,S002,99,3960.0,0,0
2022-10-18,P003,S001,111,1665.0,0,0
2022-10-18,P003,S002,118,1770.0,0,0
2022-10-19,P001,S001,166,4150.0,1,0
2022-10-19,P001,S002,104,2600.0,0,0
2022-10-19,P002,S001,166,6640.0,1,0
2022-10-19,P002,S002,122,4880.0,0,0
2022-10-19,P003,S001,124,1860.0,0,0
2022-10-19,P003,S002,127,1905.0,1,0
2022-10-20,P001,S001,154,3850.0,1,0
2022-10-20,P001,S002,147,3675.0,1,0
2022-10-20,P002,S001,129,5160.0,1,0
2022-10-20,P002,S002,99,3960.0,0,0
2022-10-20,P003,S001,163,2445.0,1,0
2022-10-20,P003,S002,168,2520.0,1,0
2022-10-21,P001,S001,110,2750.0,0,0
2022-10-21,P001,S002,104,2600.0,0,0
2022-10-21,P002,S001,113,4520.0,0,0
2022-10-21,P002,S002,100,4000.0,0,0
2022-10-21,P003,S001,102,1530.0,0,0
2022-10-21,P003,S002,160,2400.0,1,0
2022-10-22,P001,S001,175,4375.0,1,0
2022-10-22,P001,S002,149,3725.0,0,0
2022-10-22,P002,S001,129,5160.0,0,0
2022-10-22,P002,S002,122,4880.0,0,0
2022-10-22,P003,S001,131,1965.0,0,0
2022-10-22,P003,S002,119,1785.0,0,0
2022-10-23,P001,S001,150,3750.0,0,0
2022-10-23,P001,S002,131,3275.0,0,0
2022-10-23,P002,S001,160,6400.0,1,0
2022-10-23,P002,S002,137,5480.0,0,0
2022-10-23,P003,S001,140,2100.0,0,0
2022-10-23,P003,S002,159,2385.0,1,0
2022-10-24,P001,S001,114,2850.0,0,0
2022-10-24,P001,S002,119,2975.0,0,0
2022-10-24,P002,S001,114,4560.0,0,0
2022-10-24,P002,S002,113,4520.0,0,0
2022-10-24,P003,S001,125,1875.0,0,0
2022-10-24,P003,S002,111,1665.0,0,0
2022-10-25,P001,S001,122,3050.0,0,0
2022-10-25,P001,S002,120,3000.0,0,0
2022-10-25,P002,S001,127,5080.0,0,0
2022-10-25,P002,S002,116,4640.0,0,0
2022-10-25,P003,S001,171,2565.0,1,0
2022-10-25,P003,S002,143,2145.0,1,0
2022-10-26,P001,S001,114,2850.0,0,0
2022-10-26,P001,S002,114,2850.0,0,0
2022-10-26,P002,S001,126,5040.0,0,0
2022-10-26,P002,S002,127,5080.0,0,0
2022-10-26,P003,S001,108,1620.0,0,0
2022-10-26,P003,S002,123,1845.0,0,0
2022-10-27,P001,S001,104,2600.0,0,0
2022-10-27,P001,S002,134,3350.0,1,0
2022-10-27,P002,S001,117,4680.0,0,0
2022-10-27,P002,S002,119,4760.0,0,0
2022-10-27,P003,S001,116,1740.0,0,0
2022-10-27,P003,S002,120,1800.0,0,0
2022-10-28,P001,S001,117,2925.0,0,0
2022-10-28,P001,S002,107,2675.0,0,0
2022-10-28,P002,S001,104,4160.0,0,0
2022-10-28,P002,S002,139,5560.0,1,0
2022-10-28,P003,S001,170,2550.0,1,0
2022-10-28,P003,S002,102,1530.0,0,0
2022-10-29,P001,S001,150,3750.0,0,0
2022-10-29,P001,S002,120,3000.0,0,0
2022-10-29,P002,S001,152,6080.0,0,0
2022-10-29,P002,S002,124,4960.0,0,0
2022-10-29,P003,S001,126,1890.0,0,0
2022-10-29,P003,S002,153,2295.0,0,0
2022-10-30,P001,S001,128,3200.0,0,0
2022-10-30,P001,S002,153,3825.0,0,0
2022-10-30,P002,S001,143,5720.0,0,0
2022-10-30,P002,S002,123,4920.0,0,0
2022-10-30,P003,S001,131,1965.0,0,0
2022-10-30,P003,S002,137,2055.0,0,0
2022-10-31,P001,S001,129,3225.0,1,0
2022-10-31,P001,S002,105,2625.0,0,0
2022-10-31,P002,S001,129,5160.0,0,0
2022-10-31,P002,S002,113,4520.0,0,0
2022-10-31,P003,S001,103,1545.0,0,0
2022-10-31,P003,S002,112,1680.0,0,0
2022-11-01,P001,S001,185,4625.0,0,0
2022-11-01,P001,S002,156,3900.0,0,0
2022-11-01,P002,S001,188,7520.0,1,0
2022-11-01,P002,S002,146,5840.0,0,0
2022-11-01,P003,S001,161,2415.0,0,0
2022-11-01,P003,S002,181,2715.0,0,0
2022-11-02,P001,S001,161,4025.0,0,0
2022-11-02,P001,S002,138,3450.0,0,0
2022-11-02,P002,S001,158,6320.0,0,0
2022-11-02,P002,S002,188,7520.0,1,0
2022-11-02,P003,S001,158,2370.0,0,0
2022-11-02,P003,S002,139,2085.0,0,0
2022-11-03,P001,S001,142,3550.0,0,0
2022-11-03,P001,S002,150,3750.0,0,0
2022-11-03,P002,S001,155,6200.0,0,0
2022-11-03,P002,S002,203,8120.0,1,0
2022-11-03,P003,S001,143,2145.0,0,0
2022-11-03,P003,S002,148,2220.0,0,0
2022-11-04,P001,S001,164,4100.0,0,0
2022-11-04,P001,S002,202,5050.0,1,0
2022-11-04,P002,S001,138,5520.0,0,0
2022-11-04,P002,S002,211,8440.0,1,0
2022-11-04,P003,S001,148,2220.0,0,0
2022-11-04,P003,S002,138,2070.0,0,0
2022-11-05,P001,S001,264,6600.0,1,0
2022-11-05,P001,S002,234,5850.0,1,0
2022-11-05,P002,S001,204,8160.0,0,0
2022-11-05,P002,S002,214,8560.0,0,0
2022-11-05,P003,S001,281,4215.0,1,0
2022-11-05,P003,S002,180,2700.0,0,0
2022-11-06,P001,S001,220,5500.0,0,0
2022-11-06,P001,S002,206,5150.0,0,0
2022-11-06,P002,S001,201,8040.0,0,0
2022-11-06,P002,S002,237,9480.0,1,0
2022-11-06,P003,S001,169,2535.0,0,0
2022-11-06,P003,S002,180,2700.0,0,0
2022-11-07,P001,S001,177,4425.0,0,0
2022-11-07,P001,S002,190,4750.0,1,0
2022-11-07,P002,S001,182,7280.0,0,0
2022-11-07,P002,S002,141,5640.0,0,0
2022-11-07,P003,S001,166,2490.0,0,0
2022-11-07,P003,S002,184,2760.0,0,0
2022-11-08,P001,S001,161,4025.0,0,0
2022-11-08,P001,S002,160,4000.0,0,0
2022-11-08,P002,S001,173,6920.0,0,0
2022-11-08,P002,S002,165,6600.0,0,0
2022-11-08,P003,S001,230,3450.0,1,0
2022-11-08,P003,S002,140,2100.0,0,0
2022-11-09,P001,S001,147,3675.0,0,0
2022-11-09,P001,S002,157,3925.0,0,0
2022-11-09,P002,S001,180,7200.0,0,0
2022-11-09,P002,S002,236,9440.0,1,0
2022-11-09,P003,S001,171,2565.0,0,0
2022-11-09,P003,S002,146,2190.0,0,0
2022-11-10,P001,S001,154,3850.0,0,0
2022-11-10,P001,S002,177,4425.0,0,0
2022-11-10,P002,S001,173,6920.0,0,0
2022-11-10,P002,S002,151,6040.0,0,0
2022-11-10,P003,S001,152,2280.0,0,0
2022-11-10,P003,S002,158,2370.0,0,0
2022-11-11,P001,S001,143,3575.0,0,0
2022-11-11,P001,S002,181,4525.0,0,0
2022-11-11,P002,S001,173,6920.0,0,0
2022-11-11,P002,S002,182,7280.0,0,0
2022-11-11,P003,S001,214,3210.0,1,0
2022-11-11,P003,S002,181,2715.0,0,0
2022-11-12,P001,S001,184,4600.0,0,0
2022-11-12,P001,S002,213,5325.0,0,0
2022-11-12,P002,S001,222,8880.0,1,0
2022-11-12,P002,S002,192,7680.0,0,0
2022-11-12,P003,S001,222,3330.0,0,0
2022-11-12,P003,S002,169,2535.0,0,0
2022-11-13,P001,S001,208,5200.0,0,0
2022-11-13,P001,S002,203,5075.0,0,0
2022-11-13,P002,S001,171,6840.0,0,0
2022-11-13,P002,S002,198,7920.0,0,0
2022-11-13,P003,S001,220,3300.0,0,0
2022-11-13,P003,S002,289,4335.0,1,0
2022-11-14,P001,S001,185,4625.0,0,0
2022-11-14,P001,S002,154,3850.0,0,0
2022-11-14,P002,S001,140,5600.0,0,0
2022-11-14,P002,S002,160,6400.0,0,0
2022-11-14,P003,S001,167,2505.0,0,0
2022-11-14,P003,S002,165,2475.0,0,0
2022-11-15,P001,S001,178,4450.0,0,0
2022-11-15,P001,S002,209,5225.0,1,0
2022-11-15,P002,S001,155,6200.0,0,0
2022-11-15,P002,S002,200,8000.0,1,0
2022-11-15,P003,S001,142,2130.0,0,0
2022-11-15,P003,S002,161,2415.0,0,0
2022-11-16,P001,S001,193,4825.0,1,0
2022-11-16,P001,S002,177,4425.0,0,0
2022-11-16,P002,S001,203,8120.0,1,0
2022-11-16,P002,S002,152,6080.0,0,0
2022-11-16,P003,S001,186,2790.0,1,0
2022-11-16,P003,S002,222,3330.0,1,0
2022-11-17,P001,S001,139,3475.0,0,0
2022-11-17,P001,S002,157,3925.0,0,0
2022-11-17,P002,S001,170,6800.0,0,0
2022-11-17,P002,S002,215,8600.0,1,0
2022-11-17,P003,S001,141,2115.0,0,0
2022-11-17,P003,S002,143,2145.0,0,0
2022-11-18,P001,S001,183,4575.0,0,0
2022-11-18,P001,S002,141,3525.0,0,0
2022-11-18,P002,S001,164,6560.0,0,0
2022-11-18,P002,S002,178,7120.0,0,0
2022-11-18,P003,S001,218,3270.0,1,0
2022-11-18,P003,S002,150,2250.0,0,0
2022-11-19,P001,S001,186,4650.0,0,0
2022-11-19,P001,S002,205,5125.0,0,0
2022-11-19,P002,S001,169,6760.0,0,0
2022-11-19,P002,S002,176,7040.0,0,0
2022-11-19,P003,S001,214,3210.0,0,0
2022-11-19,P003,S002,190,2850.0,0,0
2022-11-20,P001,S001,217,5425.0,0,0
2022-11-20,P001,S002,179,4475.0,0,0
2022-11-20,P002,S001,208,8320.0,0,0
2022-11-20,P002,S002,232,9280.0,1,0
2022-11-20,P003,S001,286,4290.0,1,0
2022-11-20,P003,S002,263,3945.0,1,0
2022-11-21,P001,S001,157,3925.0,0,0
2022-11-21,P001,S002,164,4100.0,0,0
2022-11-21,P002,S001,159,6360.0,0,0
2022-11-21,P002,S002,178,7120.0,0,0
2022-11-21,P003,S001,178,2670.0,0,0
2022-11-21,P003,S002,179,2685.0,0,0
2022-11-22,P001,S001,156,3900.0,0,0
2022-11-22,P001,S002,195,4875.0,1,0
2022-11-22,P002,S001,210,8400.0,1,0
2022-11-22,P002,S002,153,6120.0,0,0
2022-11-22,P003,S001,154,2310.0,0,0
2022-11-22,P003,S002,151,2265.0,0,0
2022-11-23,P001,S001,186,4650.0,0,0
2022-11-23,P001,S002,205,5125.0,1,0
2022-11-23,P002,S001,155,6200.0,0,0
2022-11-23,P002,S002,177,7080.0,0,0
2022-11-23,P003,S001,205,3075.0,1,0
2022-11-23,P003,S002,151,2265.0,0,0
2022-11-24,P001,S001,181,4525.0,1,0
2022-11-24,P001,S002,170,4250.0,0,0
2022-11-24,P002,S001,144,5760.0,0,0
2022-11-24,P002,S002,191,7640.0,1,0
2022-11-24,P003,S001,149,2235.0,0,0
2022-11-24,P003,S002,165,2475.0,0,0
2022-11-25,P001,S001,146,3650.0,0,0
2022-11-25,P001,S002,158,3950.0,0,0
2022-11-25,P002,S001,182,7280.0,0,0
2022-11-25,P002,S002,157,6280.0,0,0
2022-11-25,P003,S001,139,2085.0,0,0
2022-11-25,P003,S002,167,2505.0,0,0
2022-11-26,P001,S001,180,4500.0,0,0
2022-11-26,P001,S002,215,5375.0,0,0
2022-11-26,P002,S001,226,9040.0,1,0
2022-11-26,P002,S002,217,8680.0,0,0
2022-11-26,P003,S001,248,3720.0,1,0
2022-11-26,P003,S002,168,2520.0,0,0
2022-11-27,P001,S001,189,4725.0,0,0
2022-11-27,P001,S002,200,5000.0,0,0
2022-11-27,P002,S001,212,8480.0,0,0
2022-11-27,P002,S002,168,6720.0,0,0
2022-11-27,P003,S001,189,2835.0,0,0
2022-11-27,P003,S002,257,3855.0,1,0
2022-11-28,P001,S001,173,4325.0,0,0
2022-11-28,P001,S002,182,4550.0,0,0
2022-11-28,P002,S001,165,6600.0,0,0
2022-11-28,P002,S002,159,6360.0,0,0
2022-11-28,P003,S001,231,3465.0,1,0
2022-11-28,P003,S002,149,2235.0,0,0
2022-11-29,P001,S001,239,5975.0,1,0
2022-11-29,P001,S002,160,4000.0,0,0
2022-11-29,P002,S001,181,7240.0,0,0
2022-11-29,P002,S002,149,5960.0,0,0
2022-11-29,P003,S001,141,2115.0,0,0
2022-11-29,P003,S002,160,2400.0,0,0
2022-11-30,P001,S001,158,3950.0,0,0
2022-11-30,P001,S002,146,3650.0,0,0
2022-11-30,P002,S001,178,7120.0,0,0
2022-11-30,P002,S002,146,5840.0,0,0
2022-11-30,P003,S001,151,2265.0,0,0
2022-11-30,P003,S002,158,2370.0,0,0
2022-12-01,P001,S001,141,3525.0,0,0
2022-12-01,P001,S002,158,3950.0,0,0
2022-12-01,P002,S001,148,5920.0,0,0
2022-12-01,P002,S002,151,6040.0,0,0
2022-12-01,P003,S001,237,3555.0,1,0
2022-12-01,P003,S002,150,2250.0,0,0
2022-12-02,P001,S001,150,3750.0,0,0
2022-12-02,P001,S002,179,4475.0,0,0
2022-12-02,P002,S001,179,7160.0,0,0
2022-12-02,P002,S002,146,5840.0,0,0
2022-12-02,P003,S001,156,2340.0,0,0
2022-12-02,P003,S002,152,2280.0,0,0
2022-12-03,P001,S001,225,5625.0,0,0
2022-12-03,P001,S002,224,5600.0,0,0
2022-12-03,P002,S001,277,11080.0,1,0
2022-12-03,P002,S002,200,8000.0,0,0
2022-12-03,P003,S001,238,3570.0,1,0
2022-12-03,P003,S002,203,3045.0,0,0
2022-12-04,P001,S001,192,4800.0,0,0
2022-12-04,P001,S002,200,5000.0,0,0
2022-12-04,P002,S001,232,9280.0,1,0
2022-12-04,P002,S002,269,10760.0,1,0
2022-12-04,P003,S001,259,3885.0,1,0
2022-12-04,P003,S002,167,2505.0,0,0
2022-12-05,P001,S001,183,4575.0,1,0
2022-12-05,P001,S002,244,6100.0,1,0
2022-12-05,P002,S001,149,5960.0,0,0
2022-12-05,P002,S002,151,6040.0,0,0
2022-12-05,P003,S001,187,2805.0,1,0
2022-12-05,P003,S002,187,2805.0,0,0
2022-12-06,P001,S001,180,4500.0,0,0
2022-12-06,P001,S002,172,4300.0,0,0
2022-12-06,P002,S001,168,6720.0,0,0
2022-12-06,P002,S002,167,6680.0,0,0
2022-12-06,P003,S001,152,2280.0,0,0
2022-12-06,P003,S002,150,2250.0,0,0
2022-12-07,P001,S001,150,3750.0,0,0
2022-12-07,P001,S002,175,4375.0,0,0
2022-12-07,P002,S001,142,5680.0,0,0
2022-12-07,P002,S002,169,6760.0,0,0
2022-12-07,P003,S001,183,2745.0,1,0
2022-12-07,P003,S002,156,2340.0,0,0
2022-12-08,P001,S001,184,4600.0,0,0
2022-12-08,P001,S002,162,4050.0,0,0
2022-12-08,P002,S001,143,5720.0,0,0
2022-12-08,P002,S002,140,5600.0,0,0
2022-12-08,P003,S001,160,2400.0,0,0
2022-12-08,P003,S002,147,2205.0,0,0
2022-12-09,P001,S001,171,4275.0,0,0
2022-12-09,P001,S002,184,4600.0,1,0
2022-12-09,P002,S001,218,8720.0,1,0
2022-12-09,P002,S002,163,6520.0,0,0
2022-12-09,P003,S001,143,2145.0,0,0
2022-12-09,P003,S002,156,2340.0,0,0
2022-12-10,P001,S001,248,6200.0,1,0
2022-12-10,P001,S002,209,5225.0,0,0
2022-12-10,P002,S001,198,7920.0,0,0
2022-12-10,P002,S002,220,8800.0,0,0
2022-12-10,P003,S001,207,3105.0,0,0
2022-12-10,P003,S002,223,3345.0,0,0
2022-12-11,P001,S001,167,4175.0,0,0
2022-12-11,P001,S002,180,4500.0,0,0
2022-12-11,P002,S001,204,8160.0,0,0
2022-12-11,P002,S002,168,6720.0,0,0
2022-12-11,P003,S001,186,2790.0,0,0
2022-12-11,P003,S002,200,3000.0,0,0
2022-12-12,P001,S001,146,3650.0,0,0
2022-12-12,P001,S002,180,4500.0,0,0
2022-12-12,P002,S001,222,8880.0,1,0
2022-12-12,P002,S002,159,6360.0,0,0
2022-12-12,P003,S001,177,2655.0,0,0
2022-12-12,P003,S002,139,2085.0,0,0
2022-12-13,P001,S001,157,3925.0,0,0
2022-12-13,P001,S002,140,3500.0,0,0
2022-12-13,P002,S001,181,7240.0,0,0
2022-12-13,P002,S002,217,8680.0,1,0
2022-12-13,P003,S001,143,2145.0,0,0
2022-12-13,P003,S002,158,2370.0,0,0
2022-12-14,P001,S001,158,3950.0,0,0
2022-12-14,P001,S002,144,3600.0,0,0
2022-12-14,P002,S001,144,5760.0,0,0
2022-12-14,P002,S002,188,7520.0,0,0
2022-12-14,P003,S001,165,2475.0,0,0
2022-12-14,P003,S002,245,3675.0,1,0
2022-12-15,P001,S001,179,4475.0,0,0
2022-12-15,P001,S002,154,3850.0,0,0
2022-12-15,P002,S001,172,6880.0,0,0
2022-12-15,P002,S002,155,6200.0,0,0
2022-12-15,P003,S001,170,2550.0,0,0
2022-12-15,P003,S002,168,2520.0,0,0
2022-12-16,P001,S001,174,4350.0,0,0
2022-12-16,P001,S002,182,4550.0,0,0
2022-12-16,P002,S001,175,7000.0,0,0
2022-12-16,P002,S002,148,5920.0,0,0
2022-12-16,P003,S001,153,2295.0,0,0
2022-12-16,P003,S002,170,2550.0,0,0
2022-12-17,P001,S001,233,5825.0,1,0
2022-12-17,P001,S002,224,5600.0,0,0
2022-12-17,P002,S001,196,7840.0,0,0
2022-12-17,P002,S002,199,7960.0,0,0
2022-12-17,P003,S001,171,2565.0,0,0
2022-12-17,P003,S002,202,3030.0,0,0
2022-12-18,P001,S001,181,4525.0,0,0
2022-12-18,P001,S002,216,5400.0,0,0
2022-12-18,P002,S001,197,7880.0,0,0
2022-12-18,P002,S002,182,7280.0,0,0
2022-12-18,P003,S001,204,3060.0,0,0
2022-12-18,P003,S002,280,4200.0,1,0
2022-12-19,P001,S001,176,4400.0,0,0
2022-12-19,P001,S002,171,4275.0,0,0
2022-12-19,P002,S001,149,5960.0,0,0
2022-12-19,P002,S002,167,6680.0,0,0
2022-12-19,P003,S001,184,2760.0,0,0
2022-12-19,P003,S002,155,2325.0,0,0
2022-12-20,P001,S001,177,4425.0,0,0
2022-12-20,P001,S002,156,3900.0,0,0
2022-12-20,P002,S001,159,6360.0,0,0
2022-12-20,P002,S002,162,6480.0,0,0
2022-12-20,P003,S001,186,2790.0,0,0
2022-12-20,P003,S002,145,2175.0,0,0
2022-12-21,P001,S001,187,4675.0,0,0
2022-12-21,P001,S002,143,3575.0,0,0
2022-12-21,P002,S001,165,6600.0,0,0
2022-12-21,P002,S002,172,6880.0,0,0
2022-12-21,P003,S001,211,3165.0,1,0
2022-12-21,P003,S002,159,2385.0,0,0
2022-12-22,P001,S001,183,4575.0,0,0
2022-12-22,P001,S002,159,3975.0,0,0
2022-12-22,P002,S001,161,6440.0,0,0
2022-12-22,P002,S002,143,5720.0,0,0
2022-12-22,P003,S001,242,3630.0,1,0
2022-12-22,P003,S002,187,2805.0,0,0
2022-12-23,P001,S001,163,4075.0,0,0
2022-12-23,P001,S002,168,4200.0,0,0
2022-12-23,P002,S001,156,6240.0,0,0
2022-12-23,P002,S002,159,6360.0,0,0
2022-12-23,P003,S001,176,2640.0,0,0
2022-12-23,P003,S002,143,2145.0,0,0
2022-12-24,P001,S001,305,7625.0,0,1
2022-12-24,P001,S002,394,9850.0,1,1
2022-12-24,P002,S001,323,12920.0,0,1
2022-12-24,P002,S002,259,10360.0,0,1
2022-12-24,P003,S001,333,4995.0,0,1
2022-12-24,P003,S002,278,4170.0,0,1
2022-12-25,P001,S001,266,6650.0,0,1
2022-12-25,P001,S002,305,7625.0,0,1
2022-12-25,P002,S001,336,13440.0,0,1
2022-12-25,P002,S002,304,12160.0,0,1
2022-12-25,P003,S001,337,5055.0,1,1
2022-12-25,P003,S002,308,4620.0,0,1
2022-12-26,P001,S001,349,8725.0,1,1
2022-12-26,P001,S002,280,7000.0,0,1
2022-12-26,P002,S001,275,11000.0,0,1
2022-12-26,P002,S002,290,11600.0,1,1
2022-12-26,P003,S001,213,3195.0,0,1
2022-12-26,P003,S002,248,3720.0,0,1
2022-12-27,P001,S001,280,7000.0,0,1
2022-12-27,P001,S002,246,6150.0,0,1
2022-12-27,P002,S001,365,14600.0,1,1
2022-12-27,P002,S002,283,11320.0,0,1
2022-12-27,P003,S001,271,4065.0,0,1
2022-12-27,P003,S002,220,3300.0,0,1
2022-12-28,P001,S001,258,6450.0,0,1
2022-12-28,P001,S002,214,5350.0,0,1
2022-12-28,P002,S001,277,11080.0,0,1
2022-12-28,P002,S002,226,9040.0,0,1
2022-12-28,P003,S001,214,3210.0,0,1
2022-12-28,P003,S002,353,5295.0,1,1
2022-12-29,P001,S001,237,5925.0,0,1
2022-12-29,P001,S002,252,6300.0,0,1
2022-12-29,P002,S001,335,13400.0,1,1
2022-12-29,P002,S002,255,10200.0,0,1
2022-12-29,P003,S001,282,4230.0,0,1
2022-12-29,P003,S002,255,3825.0,0,1
2022-12-30,P001,S001,257,6425.0,0,1
2022-12-30,P001,S002,224,5600.0,0,1
2022-12-30,P002,S001,255,10200.0,0,1
2022-12-30,P002,S002,249,9960.0,0,1
2022-12-30,P003,S001,260,3900.0,0,1
2022-12-30,P003,S002,243,3645.0,0,1
2022-12-31,P001,S001,269,6725.0,0,1
2022-12-31,P001,S002,287,7175.0,0,1
2022-12-31,P002,S001,288,11520.0,0,1
2022-12-31,P002,S002,296,11840.0,0,1
2022-12-31,P003,S001,328,4920.0,0,1
2022-12-31,P003,S002,298,4470.0,0,1
2023-01-01,P001,S001,148,3700.0,0,1
2023-01-01,P001,S002,173,4325.0,0,1
2023-01-01,P002,S001,225,9000.0,1,1
2023-01-01,P002,S002,191,7640.0,1,1
2023-01-01,P003,S001,146,2190.0,0,1
2023-01-01,P003,S002,172,2580.0,0,1
2023-01-02,P001,S001,81,2025.0,0,0
2023-01-02,P001,S002,135,3375.0,1,0
2023-01-02,P002,S001,82,3280.0,0,0
2023-01-02,P002,S002,84,3360.0,0,0
2023-01-02,P003,S001,95,1425.0,0,0
2023-01-02,P003,S002,90,1350.0,0,0
2023-01-03,P001,S001,129,3225.0,1,0
2023-01-03,P001,S002,109,2725.0,1,0
2023-01-03,P002,S001,96,3840.0,0,0
2023-01-03,P002,S002,80,3200.0,0,0
2023-01-03,P003,S001,98,1470.0,0,0
2023-01-03,P003,S002,94,1410.0,0,0
2023-01-04,P001,S001,81,2025.0,0,0
2023-01-04,P001,S002,85,2125.0,0,0
2023-01-04,P002,S001,107,4280.0,0,0
2023-01-04,P002,S002,101,4040.0,0,0
2023-01-04,P003,S001,91,1365.0,0,0
2023-01-04,P003,S002,83,1245.0,0,0
2023-01-05,P001,S001,103,2575.0,0,0
2023-01-05,P001,S002,96,2400.0,0,0
2023-01-05,P002,S001,106,4240.0,0,0
2023-01-05,P002,S002,88,3520.0,0,0
2023-01-05,P003,S001,102,1530.0,0,0
2023-01-05,P003,S002,113,1695.0,1,0
2023-01-06,P001,S001,135,3375.0,1,0
2023-01-06,P001,S002,91,2275.0,0,0
2023-01-06,P002,S001,108,4320.0,0,0
2023-01-06,P002,S002,103,4120.0,0,0
2023-01-06,P003,S001,101,1515.0,0,0
2023-01-06,P003,S002,97,1455.0,0,0
2023-01-07,P001,S001,161,4025.0,1,0
2023-01-07,P001,S002,128,3200.0,1,0
2023-01-07,P002,S001,101,4040.0,0,0
2023-01-07,P002,S002,115,4600.0,0,0
2023-01-07,P003,S001,114,1710.0,0,0
2023-01-07,P003,S002,131,1965.0,1,0
2023-01-08,P001,S001,110,2750.0,0,0
2023-01-08,P001,S002,102,2550.0,0,0
2023-01-08,P002,S001,164,6560.0,1,0
2023-01-08,P002,S002,169,6760.0,1,0
2023-01-08,P003,S001,108,1620.0,0,0
2023-01-08,P003,S002,113,1695.0,0,0
2023-01-09,P001,S001,90,2250.0,0,0
2023-01-09,P001,S002,97,2425.0,0,0
2023-01-09,P002,S001,94,3760.0,0,0
2023-01-09,P002,S002,96,3840.0,0,0
2023-01-09,P003,S001,101,1515.0,0,0
2023-01-09,P003,S002,90,1350.0,0,0
2023-01-10,P001,S001,96,2400.0,0,0
2023-01-10,P001,S002,100,2500.0,0,0
2023-01-10,P002,S001,103,4120.0,0,0
2023-01-10,P002,S002,98,3920.0,0,0
2023-01-10,P003,S001,84,1260.0,0,0
2023-01-10,P003,S002,92,1380.0,0,0
2023-01-11,P001,S001,95,2375.0,0,0
2023-01-11,P001,S002,80,2000.0,0,0
2023-01-11,P002,S001,88,3520.0,0,0
2023-01-11,P002,S002,81,3240.0,0,0
2023-01-11,P003,S001,107,1605.0,0,0
2023-01-11,P003,S002,94,1410.0,0,0
2023-01-12,P001,S001,98,2450.0,0,0
2023-01-12,P001,S002,92,2300.0,0,0
2023-01-12,P002,S001,106,4240.0,0,0
2023-01-12,P002,S002,81,3240.0,0,0
2023-01-12,P003,S001,126,1890.0,1,0
2023-01-12,P003,S002,127,1905.0,1,0
2023-01-13,P001,S001,120,3000.0,1,0
2023-01-13,P001,S002,106,2650.0,0,0
2023-01-13,P002,S001,85,3400.0,0,0
2023-01-13,P002,S002,86,3440.0,0,0
2023-01-13,P003,S001,89,1335.0,0,0
2023-01-13,P003,S002,97,1455.0,0,0
2023-01-14,P001,S001,118,2950.0,0,0
2023-01-14,P001,S002,100,2500.0,0,0
2023-01-14,P002,S001,114,4560.0,0,0
2023-01-14,P002,S002,106,4240.0,0,0
2023-01-14,P003,S001,124,1860.0,0,0
2023-01-14,P003,S002,119,1785.0,0,0
2023-01-15,P001,S001,124,3100.0,0,0
2023-01-15,P001,S002,127,3175.0,1,0
2023-01-15,P002,S001,127,5080.0,0,0
2023-01-15,P002,S002,116,4640.0,0,0
2023-01-15,P003,S001,120,1800.0,0,0
2023-01-15,P003,S002,170,2550.0,1,0
2023-01-16,P001,S001,89,2225.0,0,0
2023-01-16,P001,S002,107,2675.0,1,0
2023-01-16,P002,S001,106,4240.0,0,0
2023-01-16,P002,S002,87,3480.0,0,0
2023-01-16,P003,S001,105,1575.0,0,0
2023-01-16,P003,S002,100,1500.0,0,0
2023-01-17,P001,S001,102,2550.0,0,0
2023-01-17,P001,S002,89,2225.0,0,0
2023-01-17,P002,S001,86,3440.0,0,0
2023-01-17,P002,S002,129,5160.0,1,0
2023-01-17,P003,S001,116,1740.0,1,0
2023-01-17,P003,S002,102,1530.0,0,0
2023-01-18,P001,S001,108,2700.0,0,0
2023-01-18,P001,S002,84,2100.0,0,0
2023-01-18,P002,S001,101,4040.0,0,0
2023-01-18,P002,S002,86,3440.0,0,0
2023-01-18,P003,S001,89,1335.0,0,0
2023-01-18,P003,S002,99,1485.0,0,0
2023-01-19,P001,S001,87,2175.0,0,0
2023-01-19,P001,S002,88,2200.0,0,0
2023-01-19,P002,S001,103,4120.0,0,0
2023-01-19,P002,S002,119,4760.0,1,0
2023-01-19,P003,S001,106,1590.0,0,0
2023-01-19,P003,S002,112,1680.0,1,0
2023-01-20,P001,S001,119,2975.0,1,0
2023-01-20,P001,S002,82,2050.0,0,0
2023-01-20,P002,S001,84,3360.0,0,0
2023-01-20,P002,S002,90,3600.0,0,0
2023-01-20,P003,S001,137,2055.0,1,0
2023-01-20,P003,S002,105,1575.0,0,0
2023-01-21,P001,S001,160,4000.0,1,0
2023-01-21,P001,S002,121,3025.0,0,0
2023-01-21,P002,S001,156,6240.0,1,0
2023-01-21,P002,S002,114,4560.0,0,0
2023-01-21,P003,S001,114,1710.0,0,0
2023-01-21,P003,S002,108,1620.0,0,0
2023-01-22,P001,S001,165,4125.0,1,0
2023-01-22,P001,S002,130,3250.0,0,0
2023-01-22,P002,S001,120,4800.0,0,0
2023-01-22,P002,S002,125,5000.0,0,0
2023-01-22,P003,S001,140,2100.0,1,0
2023-01-22,P003,S002,132,1980.0,1,0
2023-01-23,P001,S001,102,2550.0,0,0
2023-01-23,P001,S002,88,2200.0,0,0
2023-01-23,P002,S001,111,4440.0,1,0
2023-01-23,P002,S002,101,4040.0,0,0
2023-01-23,P003,S001,105,1575.0,0,0
2023-01-23,P003,S002,85,1275.0,0,0
2023-01-24,P001,S001,125,3125.0,1,0
2023-01-24,P001,S002,101,2525.0,0,0
2023-01-24,P002,S001,98,3920.0,0,0
2023-01-24,P002,S002,104,4160.0,0,0
2023-01-24,P003,S001,131,1965.0,1,0
2023-01-24,P003,S002,105,1575.0,0,0
2023-01-25,P001,S001,101,2525.0,0,0
2023-01-25,P001,S002,106,2650.0,0,0
2023-01-25,P002,S001,84,3360.0,0,0
2023-01-25,P002,S002,106,4240.0,0,0
2023-01-25,P003,S001,108,1620.0,0,0
2023-01-25,P003,S002,99,1485.0,0,0
2023-01-26,P001,S001,88,2200.0,0,0
2023-01-26,P001,S002,116,2900.0,1,0
2023-01-26,P002,S001,92,3680.0,0,0
2023-01-26,P002,S002,81,3240.0,0,0
2023-01-26,P003,S001,109,1635.0,0,0
2023-01-26,P003,S002,91,1365.0,0,0
2023-01-27,P001,S001,96,2400.0,0,0
2023-01-27,P001,S002,106,2650.0,0,0
2023-01-27,P002,S001,95,3800.0,0,0
2023-01-27,P002,S002,109,4360.0,0,0
2023-01-27,P003,S001,83,1245.0,0,0
2023-01-27,P003,S002,98,1470.0,0,0
2023-01-28,P001,S001,112,2800.0,0,0
2023-01-28,P001,S002,104,2600.0,0,0
2023-01-28,P002,S001,155,6200.0,1,0
2023-01-28,P002,S002,113,4520.0,0,0
2023-01-28,P003,S001,123,1845.0,0,0
2023-01-28,P003,S002,108,1620.0,0,0
2023-01-29,P001,S001,131,3275.0,0,0
2023-01-29,P001,S002,129,3225.0,0,0
2023-01-29,P002,S001,99,3960.0,0,0
2023-01-29,P002,S002,112,4480.0,0,0
2023-01-29,P003,S001,97,1455.0,0,0
2023-01-29,P003,S002,164,2460.0,1,0
2023-01-30,P001,S001,86,2150.0,0,0
2023-01-30,P001,S002,83,2075.0,0,0
2023-01-30,P002,S001,108,4320.0,0,0
2023-01-30,P002,S002,84,3360.0,0,0
2023-01-30,P003,S001,91,1365.0,0,0
2023-01-30,P003,S002,99,1485.0,0,0
2023-01-31,P001,S001,84,2100.0,0,0
2023-01-31,P001,S002,110,2750.0,0,0
2023-01-31,P002,S001,82,3280.0,0,0
2023-01-31,P002,S002,82,3280.0,0,0
2023-01-31,P003,S001,104,1560.0,0,0
2023-01-31,P003,S002,94,1410.0,0,0
2023-02-01,P001,S001,96,2400.0,0,0
2023-02-01,P001,S002,138,3450.0,1,0
2023-02-01,P002,S001,103,4120.0,0,0
2023-02-01,P002,S002,109,4360.0,0,0
2023-02-01,P003,S001,109,1635.0,0,0
2023-02-01,P003,S002,88,1320.0,0,0
2023-02-02,P001,S001,110,2750.0,0,0
2023-02-02,P001,S002,109,2725.0,1,0
2023-02-02,P002,S001,91,3640.0,0,0
2023-02-02,P002,S002,93,3720.0,0,0
2023-02-02,P003,S001,105,1575.0,0,0
2023-02-02,P003,S002,105,1575.0,0,0
2023-02-03,P001,S001,90,2250.0,0,0
2023-02-03,P001,S002,88,2200.0,0,0
2023-02-03,P002,S001,86,3440.0,0,0
2023-02-03,P002,S002,89,3560.0,0,0
2023-02-03,P003,S001,92,1380.0,0,0
2023-02-03,P003,S002,139,2085.0,1,0
2023-02-04,P001,S001,109,2725.0,0,0
2023-02-04,P001,S002,130,3250.0,0,0
2023-02-04,P002,S001,108,4320.0,0,0
2023-02-04,P002,S002,108,4320.0,0,0
2023-02-04,P003,S001,124,1860.0,0,0
2023-02-04,P003,S002,119,1785.0,0,0
2023-02-05,P001,S001,100,2500.0,0,0
2023-02-05,P001,S002,135,3375.0,1,0
2023-02-05,P002,S001,151,6040.0,1,0
2023-02-05,P002,S002,130,5200.0,0,0
2023-02-05,P003,S001,127,1905.0,0,0
2023-02-05,P003,S002,127,1905.0,0,0
2023-02-06,P001,S001,96,2400.0,0,0
2023-02-06,P001,S002,108,2700.0,0,0
2023-02-06,P002,S001,136,5440.0,1,0
2023-02-06,P002,S002,113,4520.0,1,0
2023-02-06,P003,S001,89,1335.0,0,0
2023-02-06,P003,S002,92,1380.0,0,0
2023-02-07,P001,S001,86,2150.0,0,0
2023-02-07,P001,S002,86,2150.0,0,0
2023-02-07,P002,S001,96,3840.0,0,0
2023-02-07,P002,S002,102,4080.0,0,0
2023-02-07,P003,S001,86,1290.0,0,0
2023-02-07,P003,S002,84,1260.0,0,0
2023-02-08,P001,S001,93,2325.0,0,0
2023-02-08,P001,S002,89,2225.0,0,0
2023-02-08,P002,S001,141,5640.0,1,0
2023-02-08,P002,S002,82,3280.0,0,0
2023-02-08,P003,S001,93,1395.0,0,0
2023-02-08,P003,S002,111,1665.0,1,0
2023-02-09,P001,S001,84,2100.0,0,0
2023-02-09,P001,S002,120,3000.0,1,0
2023-02-09,P002,S001,91,3640.0,0,0
2023-02-09,P002,S002,87,3480.0,0,0
2023-02-09,P003,S001,108,1620.0,0,0
2023-02-09,P003,S002,139,2085.0,1,0
2023-02-10,P001,S001,105,2625.0,0,0
2023-02-10,P001,S002,91,2275.0,0,0
2023-02-10,P002,S001,100,4000.0,0,0
2023-02-10,P002,S002,86,3440.0,0,0
2023-02-10,P003,S001,105,1575.0,0,0
2023-02-10,P003,S002,85,1275.0,0,0
2023-02-11,P001,S001,106,2650.0,0,0
2023-02-11,P001,S002,120,3000.0,0,0
2023-02-11,P002,S001,122,4880.0,0,0
2023-02-11,P002,S002,126,5040.0,0,0
2023-02-11,P003,S001,114,1710.0,0,0
2023-02-11,P003,S002,135,2025.0,1,0
2023-02-12,P001,S001,128,3200.0,0,0
2023-02-12,P001,S002,121,3025.0,0,0
2023-02-12,P002,S001,122,4880.0,0,0
2023-02-12,P002,S002,100,4000.0,0,0
2023-02-12,P003,S001,106,1590.0,0,0
2023-02-12,P003,S002,100,1500.0,0,0
2023-02-13,P001,S001,90,2250.0,0,0
2023-02-13,P001,S002,108,2700.0,0,0
2023-02-13,P002,S001,95,3800.0,0,0
2023-02-13,P002,S002,90,3600.0,0,0
2023-02-13,P003,S001,112,1680.0,1,0
2023-02-13,P003,S002,114,1710.0,1,0
2023-02-14,P001,S001,97,2425.0,0,0
2023-02-14,P001,S002,127,3175.0,1,0
2023-02-14,P002,S001,87,3480.0,0,0
2023-02-14,P002,S002,108,4320.0,0,0
2023-02-14,P003,S001,92,1380.0,0,0
2023-02-14,P003,S002,91,1365.0,0,0
2023-02-15,P001,S001,134,3350.0,1,0
2023-02-15,P001,S002,107,2675.0,0,0
2023-02-15,P002,S001,89,3560.0,0,0
2023-02-15,P002,S002,88,3520.0,0,0
2023-02-15,P003,S001,108,1620.0,0,0
2023-02-15,P003,S002,91,1365.0,0,0
2023-02-16,P001,S001,123,3075.0,1,0
2023-02-16,P001,S002,92,2300.0,0,0
2023-02-16,P002,S001,127,5080.0,1,0
2023-02-16,P002,S002,105,4200.0,0,0
2023-02-16,P003,S001,94,1410.0,0,0
2023-02-16,P003,S002,120,1800.0,1,0
2023-02-17,P001,S001,109,2725.0,0,0
2023-02-17,P001,S002,103,2575.0,0,0
2023-02-17,P002,S001,138,5520.0,1,0
2023-02-17,P002,S002,83,3320.0,0,0
2023-02-17,P003,S001,101,1515.0,0,0
2023-02-17,P003,S002,103,1545.0,0,0
2023-02-18,P001,S001,120,3000.0,0,0
2023-02-18,P001,S002,124,3100.0,0,0
2023-02-18,P002,S001,105,4200.0,0,0
2023-02-18,P002,S002,124,4960.0,0,0
2023-02-18,P003,S001,105,1575.0,0,0
2023-02-18,P003,S002,160,2400.0,1,0
2023-02-19,P001,S001,147,3675.0,1,0
2023-02-19,P001,S002,129,3225.0,0,0
2023-02-19,P002,S001,123,4920.0,0,0
2023-02-19,P002,S002,114,4560.0,0,0
2023-02-19,P003,S001,105,1575.0,0,0
2023-02-19,P003,S002,99,1485.0,0,0
2023-02-20,P001,S001,115,2875.0,1,0
2023-02-20,P001,S002,106,2650.0,0,0
2023-02-20,P002,S001,86,3440.0,0,0
2023-02-20,P002,S002,99,3960.0,0,0
2023-02-20,P003,S001,104,1560.0,0,0
2023-02-20,P003,S002,128,1920.0,1,0
2023-02-21,P001,S001,100,2500.0,0,0
2023-02-21,P001,S002,108,2700.0,0,0
2023-02-21,P002,S001,91,3640.0,0,0
2023-02-21,P002,S002,129,5160.0,1,0
2023-02-21,P003,S001,95,1425.0,0,0
2023-02-21,P003,S002,119,1785.0,1,0
2023-02-22,P001,S001,110,2750.0,1,0
2023-02-22,P001,S002,106,2650.0,0,0
2023-02-22,P002,S001,94,3760.0,0,0
2023-02-22,P002,S002,102,4080.0,0,0
2023-02-22,P003,S001,100,1500.0,0,0
2023-02-22,P003,S002,88,1320.0,0,0
2023-02-23,P001,S001,91,2275.0,0,0
2023-02-23,P001,S002,107,2675.0,0,0
2023-02-23,P002,S001,94,3760.0,0,0
2023-02-23,P002,S002,134,5360.0,1,0
2023-02-23,P003,S001,126,1890.0,1,0
2023-02-23,P003,S002,83,1245.0,0,0
2023-02-24,P001,S001,85,2125.0,0,0
2023-02-24,P001,S002,97,2425.0,0,0
2023-02-24,P002,S001,99,3960.0,0,0
2023-02-24,P002,S002,93,3720.0,0,0
2023-02-24,P003,S001,110,1650.0,0,0
2023-02-24,P003,S002,109,1635.0,0,0
2023-02-25,P001,S001,119,2975.0,0,0
2023-02-25,P001,S002,121,3025.0,0,0
2023-02-25,P002,S001,119,4760.0,0,0
2023-02-25,P002,S002,117,4680.0,0,0
2023-02-25,P003,S001,116,1740.0,0,0
2023-02-25,P003,S002,126,1890.0,0,0
2023-02-26,P001,S001,101,2525.0,0,0
2023-02-26,P001,S002,121,3025.0,0,0
2023-02-26,P002,S001,108,4320.0,0,0
2023-02-26,P002,S002,110,4400.0,0,0
2023-02-26,P003,S001,170,2550.0,1,0
2023-02-26,P003,S002,110,1650.0,0,0
2023-02-27,P001,S001,83,2075.0,0,0
2023-02-27,P001,S002,92,2300.0,0,0
2023-02-27,P002,S001,107,4280.0,1,0
2023-02-27,P002,S002,103,4120.0,0,0
2023-02-27,P003,S001,84,1260.0,0,0
2023-02-27,P003,S002,126,1890.0,1,0
2023-02-28,P001,S001,89,2225.0,0,0
2023-02-28,P001,S002,94,2350.0,0,0
2023-02-28,P002,S001,85,3400.0,0,0
2023-02-28,P002,S002,116,4640.0,1,0
2023-02-28,P003,S001,97,1455.0,0,0
2023-02-28,P003,S002,84,1260.0,0,0
2023-03-01,P001,S001,107,2675.0,0,0
2023-03-01,P001,S002,104,2600.0,0,0
2023-03-01,P002,S001,139,5560.0,1,0
2023-03-01,P002,S002,118,4720.0,0,0
2023-03-01,P003,S001,146,2190.0,1,0
2023-03-01,P003,S002,104,1560.0,0,0
2023-03-02,P001,S001,124,3100.0,0,0
2023-03-02,P001,S002,115,2875.0,0,0
2023-03-02,P002,S001,106,4240.0,0,0
2023-03-02,P002,S002,106,4240.0,0,0
2023-03-02,P003,S001,138,2070.0,0,0
2023-03-02,P003,S002,174,2610.0,1,0
2023-03-03,P001,S001,128,3200.0,0,0
2023-03-03,P001,S002,126,3150.0,0,0
2023-03-03,P002,S001,120,4800.0,0,0
2023-03-03,P002,S002,113,4520.0,0,0
2023-03-03,P003,S001,136,2040.0,0,0
2023-03-03,P003,S002,120,1800.0,0,0
2023-03-04,P001,S001,195,4875.0,1,0
2023-03-04,P001,S002,134,3350.0,0,0
2023-03-04,P002,S001,160,6400.0,0,0
2023-03-04,P002,S002,146,5840.0,0,0
2023-03-04,P003,S001,124,1860.0,0,0
2023-03-04,P003,S002,182,2730.0,1,0
2023-03-05,P001,S001,127,3175.0,0,0
2023-03-05,P001,S002,164,4100.0,0,0
2023-03-05,P002,S001,129,5160.0,0,0
2023-03-05,P002,S002,157,6280.0,0,0
2023-03-05,P003,S001,162,2430.0,0,0
2023-03-05,P003,S002,163,2445.0,0,0
2023-03-06,P001,S001,108,2700.0,0,0
2023-03-06,P001,S002,110,2750.0,0,0
2023-03-06,P002,S001,170,6800.0,1,0
2023-03-06,P002,S002,114,4560.0,0,0
2023-03-06,P003,S001,130,1950.0,0,0
2023-03-06,P003,S002,111,1665.0,0,0
2023-03-07,P001,S001,104,2600.0,0,0
2023-03-07,P001,S002,120,3000.0,0,0
2023-03-07,P002,S001,139,5560.0,0,0
2023-03-07,P002,S002,108,4320.0,0,0
2023-03-07,P003,S001,131,1965.0,0,0
2023-03-07,P003,S002,123,1845.0,0,0
2023-03-08,P001,S001,104,2600.0,0,0
2023-03-08,P001,S002,133,3325.0,0,0
2023-03-08,P002,S001,138,5520.0,1,0
2023-03-08,P002,S002,136,5440.0,0,0
2023-03-08,P003,S001,133,1995.0,0,0
2023-03-08,P003,S002,137,2055.0,0,0
2023-03-09,P001,S001,137,3425.0,0,0
2023-03-09,P001,S002,116,2900.0,0,0
2023-03-09,P002,S001,147,5880.0,1,0
2023-03-09,P002,S002,128,5120.0,0,0
2023-03-09,P003,S001,137,2055.0,0,0
2023-03-09,P003,S002,132,1980.0,0,0
2023-03-10,P001,S001,105,2625.0,0,0
2023-03-10,P001,S002,113,2825.0,0,0
2023-03-10,P002,S001,139,5560.0,0,0
2023-03-10,P002,S002,129,5160.0,0,0
2023-03-10,P003,S001,152,2280.0,1,0
2023-03-10,P003,S002,155,2325.0,1,0
2023-03-11,P001,S001,171,4275.0,1,0
2023-03-11,P001,S002,173,4325.0,1,0
2023-03-11,P002,S001,157,6280.0,0,0
2023-03-11,P002,S002,150,6000.0,0,0
2023-03-11,P003,S001,156,2340.0,0,0
2023-03-11,P003,S002,126,1890.0,0,0
2023-03-12,P001,S001,144,3600.0,0,0
2023-03-12,P001,S002,139,3475.0,0,0
2023-03-12,P002,S001,126,5040.0,0,0
2023-03-12,P002,S002,162,6480.0,0,0
2023-03-12,P003,S001,150,2250.0,0,0
2023-03-12,P003,S002,142,2130.0,0,0
2023-03-13,P001,S001,118,2950.0,0,0
2023-03-13,P001,S002,103,2575.0,0,0
2023-03-13,P002,S001,127,5080.0,0,0
2023-03-13,P002,S002,116,4640.0,0,0
2023-03-13,P003,S001,154,2310.0,1,0
2023-03-13,P003,S002,136,2040.0,0,0
2023-03-14,P001,S001,124,3100.0,0,0
2023-03-14,P001,S002,135,3375.0,0,0
2023-03-14,P002,S001,120,4800.0,0,0
2023-03-14,P002,S002,138,5520.0,0,0
2023-03-14,P003,S001,106,1590.0,0,0
2023-03-14,P003,S002,157,2355.0,1,0
2023-03-15,P001,S001,123,3075.0,0,0
2023-03-15,P001,S002,135,3375.0,0,0
2023-03-15,P002,S001,133,5320.0,0,0
2023-03-15,P002,S002,105,4200.0,0,0
2023-03-15,P003,S001,159,2385.0,1,0
2023-03-15,P003,S002,120,1800.0,0,0
2023-03-16,P001,S001,149,3725.0,1,0
2023-03-16,P001,S002,108,2700.0,0,0
2023-03-16,P002,S001,132,5280.0,0,0
2023-03-16,P002,S002,111,4440.0,0,0
2023-03-16,P003,S001,115,1725.0,0,0
2023-03-16,P003,S002,151,2265.0,1,0
2023-03-17,P001,S001,157,3925.0,1,0
2023-03-17,P001,S002,136,3400.0,0,0
2023-03-17,P002,S001,129,5160.0,0,0
2023-03-17,P002,S002,137,5480.0,1,0
2023-03-17,P003,S001,130,1950.0,0,0
2023-03-17,P003,S002,110,1650.0,0,0
2023-03-18,P001,S001,125,3125.0,0,0
2023-03-18,P001,S002,130,3250.0,0,0
2023-03-18,P002,S001,151,6040.0,0,0
2023-03-18,P002,S002,125,5000.0,0,0
2023-03-18,P003,S001,124,1860.0,0,0
2023-03-18,P003,S002,163,2445.0,0,0
2023-03-19,P001,S001,148,3700.0,0,0
2023-03-19,P001,S002,141,3525.0,0,0
2023-03-19,P002,S001,212,8480.0,1,0
2023-03-19,P002,S002,151,6040.0,0,0
2023-03-19,P003,S001,216,3240.0,1,0
2023-03-19,P003,S002,144,2160.0,0,0
2023-03-20,P001,S001,138,3450.0,0,0
2023-03-20,P001,S002,125,3125.0,0,0
2023-03-20,P002,S001,114,4560.0,0,0
2023-03-20,P002,S002,140,5600.0,0,0
2023-03-20,P003,S001,125,1875.0,0,0
2023-03-20,P003,S002,109,1635.0,0,0
2023-03-21,P001,S001,122,3050.0,0,0
2023-03-21,P001,S002,115,2875.0,0,0
2023-03-21,P002,S001,114,4560.0,0,0
2023-03-21,P002,S002,180,7200.0,1,0
2023-03-21,P003,S001,124,1860.0,0,0
2023-03-21,P003,S002,135,2025.0,1,0
2023-03-22,P001,S001,180,4500.0,1,0
2023-03-22,P001,S002,109,2725.0,0,0
2023-03-22,P002,S001,160,6400.0,1,0
2023-03-22,P002,S002,113,4520.0,0,0
2023-03-22,P003,S001,129,1935.0,0,0
2023-03-22,P003,S002,140,2100.0,0,0
2023-03-23,P001,S001,123,3075.0,0,0
2023-03-23,P001,S002,118,2950.0,0,0
2023-03-23,P002,S001,139,5560.0,0,0
2023-03-23,P002,S002,158,6320.0,1,0
2023-03-23,P003,S001,112,1680.0,0,0
2023-03-23,P003,S002,129,1935.0,0,0
2023-03-24,P001,S001,140,3500.0,0,0
2023-03-24,P001,S002,117,2925.0,0,0
2023-03-24,P002,S001,110,4400.0,0,0
2023-03-24,P002,S002,116,4640.0,0,0
2023-03-24,P003,S001,132,1980.0,0,0
2023-03-24,P003,S002,133,1995.0,0,0
2023-03-25,P001,S001,139,3475.0,0,0
2023-03-25,P001,S002,175,4375.0,1,0
2023-03-25,P002,S001,147,5880.0,0,0
2023-03-25,P002,S002,125,5000.0,0,0
2023-03-25,P003,S001,147,2205.0,0,0
2023-03-25,P003,S002,167,2505.0,0,0
2023-03-26,P001,S001,162,4050.0,0,0
2023-03-26,P001,S002,149,3725.0,0,0
2023-03-26,P002,S001,195,7800.0,1,0
2023-03-26,P002,S002,141,5640.0,0,0
2023-03-26,P003,S001,145,2175.0,0,0
2023-03-26,P003,S002,163,2445.0,0,0
2023-03-27,P001,S001,139,3475.0,0,0
2023-03-27,P001,S002,147,3675.0,1,0
2023-03-27,P002,S001,137,5480.0,0,0
2023-03-27,P002,S002,156,6240.0,1,0
2023-03-27,P003,S001,123,1845.0,0,0
2023-03-27,P003,S002,114,1710.0,0,0
2023-03-28,P001,S001,106,2650.0,0,0
2023-03-28,P001,S002,118,2950.0,0,0
2023-03-28,P002,S001,115,4600.0,0,0
2023-03-28,P002,S002,115,4600.0,0,0
2023-03-28,P003,S001,115,1725.0,0,0
2023-03-28,P003,S002,155,2325.0,1,0
2023-03-29,P001,S001,125,3125.0,0,0
2023-03-29,P001,S002,147,3675.0,1,0
2023-03-29,P002,S001,130,5200.0,0,0
2023-03-29,P002,S002,107,4280.0,0,0
2023-03-29,P003,S001,106,1590.0,0,0
2023-03-29,P003,S002,131,1965.0,0,0
2023-03-30,P001,S001,135,3375.0,0,0
2023-03-30,P001,S002,135,3375.0,0,0
2023-03-30,P002,S001,112,4480.0,0,0
2023-03-30,P002,S002,139,5560.0,0,0
2023-03-30,P003,S001,111,1665.0,0,0
2023-03-30,P003,S002,127,1905.0,0,0
2023-03-31,P001,S001,108,2700.0,0,0
2023-03-31,P001,S002,113,2825.0,0,0
2023-03-31,P002,S001,119,4760.0,0,0
2023-03-31,P002,S002,112,4480.0,0,0
2023-03-31,P003,S001,118,1770.0,0,0
2023-03-31,P003,S002,181,2715.0,1,0
2023-04-01,P001,S001,176,4400.0,1,0
2023-04-01,P001,S002,139,3475.0,0,0
2023-04-01,P002,S001,147,5880.0,0,0
2023-04-01,P002,S002,163,6520.0,0,0
2023-04-01,P003,S001,183,2745.0,1,0
2023-04-01,P003,S002,139,2085.0,0,0
2023-04-02,P001,S001,156,3900.0,0,0
2023-04-02,P001,S002,143,3575.0,0,0
2023-04-02,P002,S001,155,6200.0,0,0
2023-04-02,P002,S002,138,5520.0,0,0
2023-04-02,P003,S001,179,2685.0,1,0
2023-04-02,P003,S002,157,2355.0,0,0
2023-04-03,P001,S001,140,3500.0,0,0
2023-04-03,P001,S002,128,3200.0,0,0
2023-04-03,P002,S001,138,5520.0,0,0
2023-04-03,P002,S002,132,5280.0,0,0
2023-04-03,P003,S001,114,1710.0,0,0
2023-04-03,P003,S002,116,1740.0,0,0
2023-04-04,P001,S001,137,3425.0,0,0
2023-04-04,P001,S002,127,3175.0,0,0
2023-04-04,P002,S001,106,4240.0,0,0
2023-04-04,P002,S002,122,4880.0,0,0
2023-04-04,P003,S001,111,1665.0,0,0
2023-04-04,P003,S002,116,1740.0,0,0
2023-04-05,P001,S001,121,3025.0,0,0
2023-04-05,P001,S002,138,3450.0,0,0
2023-04-05,P002,S001,169,6760.0,1,0
2023-04-05,P002,S002,133,5320.0,0,0
2023-04-05,P003,S001,172,2580.0,1,0
2023-04-05,P003,S002,128,1920.0,0,0
2023-04-06,P001,S001,163,4075.0,1,0
2023-04-06,P001,S002,121,3025.0,0,0
2023-04-06,P002,S001,105,4200.0,0,0
2023-04-06,P002,S002,107,4280.0,0,0
2023-04-06,P003,S001,115,1725.0,0,0
2023-04-06,P003,S002,109,1635.0,0,0
2023-04-07,P001,S001,133,3325.0,0,0
2023-04-07,P001,S002,108,2700.0,0,0
2023-04-07,P002,S001,136,5440.0,0,0
2023-04-07,P002,S002,121,4840.0,0,0
2023-04-07,P003,S001,128,1920.0,0,0
2023-04-07,P003,S002,175,2625.0,1,0
2023-04-08,P001,S001,128,3200.0,0,0
2023-04-08,P001,S002,127,3175.0,0,0
2023-04-08,P002,S001,131,5240.0,0,0
2023-04-08,P002,S002,142,5680.0,0,0
2023-04-08,P003,S001,198,2970.0,1,0
2023-04-08,P003,S002,204,3060.0,1,0
2023-04-09,P001,S001,158,3950.0,0,0
2023-04-09,P001,S002,153,3825.0,0,0
2023-04-09,P002,S001,169,6760.0,0,0
2023-04-09,P002,S002,137,5480.0,0,0
2023-04-09,P003,S001,164,2460.0,1,0
2023-04-09,P003,S002,157,2355.0,0,0
2023-04-10,P001,S001,182,4550.0,1,0
2023-04-10,P001,S002,139,3475.0,1,0
2023-04-10,P002,S001,167,6680.0,1,0
2023-04-10,P002,S002,109,4360.0,0,0
2023-04-10,P003,S001,141,2115.0,0,0
2023-04-10,P003,S002,157,2355.0,1,0
2023-04-11,P001,S001,118,2950.0,0,0
2023-04-11,P001,S002,169,4225.0,1,0
2023-04-11,P002,S001,106,4240.0,0,0
2023-04-11,P002,S002,122,4880.0,0,0
2023-04-11,P003,S001,167,2505.0,1,0
2023-04-11,P003,S002,124,1860.0,0,0
2023-04-12,P001,S001,140,3500.0,0,0
2023-04-12,P001,S002,122,3050.0,0,0
2023-04-12,P002,S001,130,5200.0,0,0
2023-04-12,P002,S002,131,5240.0,0,0
2023-04-12,P003,S001,116,1740.0,0,0
2023-04-12,P003,S002,129,1935.0,0,0
2023-04-13,P001,S001,126,3150.0,0,0
2023-04-13,P001,S002,179,4475.0,1,0
2023-04-13,P002,S001,121,4840.0,0,0
2023-04-13,P002,S002,129,5160.0,0,0
2023-04-13,P003,S001,148,2220.0,1,0
2023-04-13,P003,S002,135,2025.0,0,0
2023-04-14,P001,S001,148,3700.0,1,0
2023-04-14,P001,S002,112,2800.0,0,0
2023-04-14,P002,S001,138,5520.0,0,0
2023-04-14,P002,S002,172,6880.0,1,0
2023-04-14,P003,S001,136,2040.0,0,0
2023-04-14,P003,S002,117,1755.0,0,0
2023-04-15,P001,S001,129,3225.0,0,0
2023-04-15,P001,S002,151,3775.0,0,0
2023-04-15,P002,S001,134,5360.0,0,0
2023-04-15,P002,S002,128,5120.0,0,0
2023-04-15,P003,S001,163,2445.0,0,0
2023-04-15,P003,S002,128,1920.0,0,0
2023-04-16,P001,S001,162,4050.0,0,0
2023-04-16,P001,S002,141,3525.0,0,0
2023-04-16,P002,S001,138,5520.0,0,0
2023-04-16,P002,S002,158,6320.0,0,0
2023-04-16,P003,S001,151,2265.0,0,0
2023-04-16,P003,S002,155,2325.0,0,0
2023-04-17,P001,S001,118,2950.0,0,0
2023-04-17,P001,S002,109,2725.0,0,0
2023-04-17,P002,S001,136,5440.0,0,0
2023-04-17,P002,S002,166,6640.0,1,0
2023-04-17,P003,S001,108,1620.0,0,0
2023-04-17,P003,S002,164,2460.0,1,0
2023-04-18,P001,S001,134,3350.0,0,0
2023-04-18,P001,S002,136,3400.0,0,0
2023-04-18,P002,S001,132,5280.0,0,0
2023-04-18,P002,S002,150,6000.0,1,0
2023-04-18,P003,S001,116,1740.0,0,0
2023-04-18,P003,S002,138,2070.0,1,0
2023-04-19,P001,S001,111,2775.0,0,0
2023-04-19,P001,S002,111,2775.0,0,0
2023-04-19,P002,S001,123,4920.0,0,0
2023-04-19,P002,S002,146,5840.0,1,0
2023-04-19,P003,S001,133,1995.0,0,0
2023-04-19,P003,S002,138,2070.0,0,0
2023-04-20,P001,S001,129,3225.0,0,0
2023-04-20,P001,S002,110,2750.0,0,0
2023-04-20,P002,S001,127,5080.0,0,0
2023-04-20,P002,S002,116,4640.0,0,0
2023-04-20,P003,S001,120,1800.0,0,0
2023-04-20,P003,S002,150,2250.0,1,0
2023-04-21,P001,S001,118,2950.0,0,0
2023-04-21,P001,S002,114,2850.0,0,0
2023-04-21,P002,S001,149,5960.0,1,0
2023-04-21,P002,S002,141,5640.0,1,0
2023-04-21,P003,S001,138,2070.0,0,0
2023-04-21,P003,S002,141,2115.0,0,0
2023-04-22,P001,S001,168,4200.0,0,0
2023-04-22,P001,S002,139,3475.0,0,0
2023-04-22,P002,S001,139,5560.0,0,0
2023-04-22,P002,S002,132,5280.0,0,0
2023-04-22,P003,S001,145,2175.0,0,0
2023-04-22,P003,S002,132,1980.0,0,0
2023-04-23,P001,S001,155,3875.0,0,0
2023-04-23,P001,S002,130,3250.0,0,0
2023-04-23,P002,S001,167,6680.0,0,0
2023-04-23,P002,S002,184,7360.0,1,0
2023-04-23,P003,S001,150,2250.0,0,0
2023-04-23,P003,S002,156,2340.0,0,0
2023-04-24,P001,S001,115,2875.0,0,0
2023-04-24,P001,S002,122,3050.0,0,0
2023-04-24,P002,S001,164,6560.0,1,0
2023-04-24,P002,S002,184,7360.0,1,0
2023-04-24,P003,S001,131,1965.0,0,0
2023-04-24,P003,S002,141,2115.0,0,0
2023-04-25,P001,S001,170,4250.0,1,0
2023-04-25,P001,S002,135,3375.0,0,0
2023-04-25,P002,S001,134,5360.0,0,0
2023-04-25,P002,S002,155,6200.0,1,0
2023-04-25,P003,S001,121,1815.0,0,0
2023-04-25,P003,S002,116,1740.0,0,0
2023-04-26,P001,S001,140,3500.0,0,0
2023-04-26,P001,S002,145,3625.0,1,0
2023-04-26,P002,S001,172,6880.0,1,0
2023-04-26,P002,S002,107,4280.0,0,0
2023-04-26,P003,S001,139,2085.0,0,0
2023-04-26,P003,S002,132,1980.0,0,0
2023-04-27,P001,S001,132,3300.0,0,0
2023-04-27,P001,S002,119,2975.0,0,0
2023-04-27,P002,S001,110,4400.0,0,0
2023-04-27,P002,S002,148,5920.0,1,0
2023-04-27,P003,S001,120,1800.0,0,0
2023-04-27,P003,S002,109,1635.0,0,0
2023-04-28,P001,S001,139,3475.0,0,0
2023-04-28,P001,S002,136,3400.0,0,0
2023-04-28,P002,S001,147,5880.0,1,0
2023-04-28,P002,S002,130,5200.0,0,0
2023-04-28,P003,S001,181,2715.0,1,0
2023-04-28,P003,S002,135,2025.0,0,0
2023-04-29,P001,S001,170,4250.0,0,0
2023-04-29,P001,S002,174,4350.0,1,0
2023-04-29,P002,S001,131,5240.0,0,0
2023-04-29,P002,S002,163,6520.0,0,0
2023-04-29,P003,S001,130,1950.0,0,0
2023-04-29,P003,S002,170,2550.0,0,0
2023-04-30,P001,S001,145,3625.0,0,0
2023-04-30,P001,S002,170,4250.0,0,0
2023-04-30,P002,S001,181,7240.0,1,0
2023-04-30,P002,S002,129,5160.0,0,0
2023-04-30,P003,S001,152,2280.0,0,0
2023-04-30,P003,S002,193,2895.0,1,0
2023-05-01,P001,S001,158,3950.0,1,0
2023-05-01,P001,S002,132,3300.0,0,0
2023-05-01,P002,S001,119,4760.0,0,0
2023-05-01,P002,S002,108,4320.0,0,0
2023-05-01,P003,S001,125,1875.0,0,0
2023-05-01,P003,S002,160,2400.0,1,0
2023-05-02,P001,S001,158,3950.0,1,0
2023-05-02,P001,S002,127,3175.0,0,0
2023-05-02,P002,S001,157,6280.0,1,0
2023-05-02,P002,S002,129,5160.0,0,0
2023-05-02,P003,S001,111,1665.0,0,0
2023-05-02,P003,S002,106,1590.0,0,0
2023-05-03,P001,S001,148,3700.0,1,0
2023-05-03,P001,S002,133,3325.0,0,0
2023-05-03,P002,S001,124,4960.0,0,0
2023-05-03,P002,S002,141,5640.0,0,0
2023-05-03,P003,S001,179,2685.0,1,0
2023-05-03,P003,S002,134,2010.0,0,0
2023-05-04,P001,S001,106,2650.0,0,0
2023-05-04,P001,S002,127,3175.0,0,0
2023-05-04,P002,S001,125,5000.0,0,0
2023-05-04,P002,S002,121,4840.0,0,0
2023-05-04,P003,S001,122,1830.0,0,0
2023-05-04,P003,S002,114,1710.0,0,0
2023-05-05,P001,S001,166,4150.0,1,0
2023-05-05,P001,S002,114,2850.0,0,0
2023-05-05,P002,S001,136,5440.0,0,0
2023-05-05,P002,S002,115,4600.0,0,0
2023-05-05,P003,S001,170,2550.0,1,0
2023-05-05,P003,S002,123,1845.0,0,0
2023-05-06,P001,S001,155,3875.0,0,0
2023-05-06,P001,S002,171,4275.0,0,0
2023-05-06,P002,S001,148,5920.0,0,0
2023-05-06,P002,S002,168,6720.0,0,0
2023-05-06,P003,S001,191,2865.0,1,0
2023-05-06,P003,S002,153,2295.0,0,0
2023-05-07,P001,S001,135,3375.0,0,0
2023-05-07,P001,S002,138,3450.0,0,0
2023-05-07,P002,S001,184,7360.0,1,0
2023-05-07,P002,S002,196,7840.0,1,0
2023-05-07,P003,S001,151,2265.0,0,0
2023-05-07,P003,S002,143,2145.0,0,0
2023-05-08,P001,S001,129,3225.0,0,0
2023-05-08,P001,S002,134,3350.0,0,0
2023-05-08,P002,S001,112,4480.0,0,0
2023-05-08,P002,S002,140,5600.0,0,0
2023-05-08,P003,S001,121,1815.0,0,0
2023-05-08,P003,S002,109,1635.0,0,0
2023-05-09,P001,S001,170,4250.0,1,0
2023-05-09,P001,S002,127,3175.0,0,0
2023-05-09,P002,S001,142,5680.0,0,0
2023-05-09,P002,S002,130,5200.0,0,0
2023-05-09,P003,S001,132,1980.0,0,0
2023-05-09,P003,S002,131,1965.0,0,0
2023-05-10,P001,S001,139,3475.0,0,0
2023-05-10,P001,S002,118,2950.0,0,0
2023-05-10,P002,S001,142,5680.0,0,0
2023-05-10,P002,S002,133,5320.0,0,0
2023-05-10,P003,S001,113,1695.0,0,0
2023-05-10,P003,S002,116,1740.0,0,0
2023-05-11,P001,S001,114,2850.0,0,0
2023-05-11,P001,S002,138,3450.0,0,0
2023-05-11,P002,S001,154,6160.0,1,0
2023-05-11,P002,S002,106,4240.0,0,0
2023-05-11,P003,S001,136,2040.0,0,0
2023-05-11,P003,S002,112,1680.0,0,0
2023-05-12,P001,S001,129,3225.0,0,0
2023-05-12,P001,S002,129,3225.0,0,0
2023-05-12,P002,S001,119,4760.0,0,0
2023-05-12,P002,S002,136,5440.0,0,0
2023-05-12,P003,S001,141,2115.0,0,0
2023-05-12,P003,S002,134,2010.0,0,0
2023-05-13,P001,S001,167,4175.0,0,0
2023-05-13,P001,S002,170,4250.0,1,0
2023-05-13,P002,S001,213,8520.0,1,0
2023-05-13,P002,S002,136,5440.0,0,0
2023-05-13,P003,S001,215,3225.0,1,0
2023-05-13,P003,S002,170,2550.0,0,0
2023-05-14,P001,S001,134,3350.0,0,0
2023-05-14,P001,S002,153,3825.0,0,0
2023-05-14,P002,S001,128,5120.0,0,0
2023-05-14,P002,S002,168,6720.0,1,0
2023-05-14,P003,S001,128,1920.0,0,0
2023-05-14,P003,S002,169,2535.0,0,0
2023-05-15,P001,S001,137,3425.0,0,0
2023-05-15,P001,S002,126,3150.0,0,0
2023-05-15,P002,S001,124,4960.0,0,0
2023-05-15,P002,S002,131,5240.0,0,0
2023-05-15,P003,S001,134,2010.0,0,0
2023-05-15,P003,S002,111,1665.0,0,0
2023-05-16,P001,S001,112,2800.0,0,0
2023-05-16,P001,S002,168,4200.0,1,0
2023-05-16,P002,S001,142,5680.0,0,0
2023-05-16,P002,S002,108,4320.0,0,0
2023-05-16,P003,S001,115,1725.0,0,0
2023-05-16,P003,S002,177,2655.0,1,0
2023-05-17,P001,S001,162,4050.0,1,0
2023-05-17,P001,S002,134,3350.0,0,0
2023-05-17,P002,S001,126,5040.0,0,0
2023-05-17,P002,S002,109,4360.0,0,0
2023-05-17,P003,S001,138,2070.0,0,0
2023-05-17,P003,S002,143,2145.0,1,0
2023-05-18,P001,S001,116,2900.0,0,0
2023-05-18,P001,S002,144,3600.0,1,0
2023-05-18,P002,S001,110,4400.0,0,0
2023-05-18,P002,S002,119,4760.0,0,0
2023-05-18,P003,S001,115,1725.0,0,0
2023-05-18,P003,S002,115,1725.0,0,0
2023-05-19,P001,S001,139,3475.0,0,0
2023-05-19,P001,S002,138,3450.0,0,0
2023-05-19,P002,S001,111,4440.0,0,0
2023-05-19,P002,S002,112,4480.0,0,0
2023-05-19,P003,S001,134,2010.0,0,0
2023-05-19,P003,S002,125,1875.0,0,0
2023-05-20,P001,S001,220,5500.0,1,0
2023-05-20,P001,S002,170,4250.0,0,0
2023-05-20,P002,S001,145,5800.0,0,0
2023-05-20,P002,S002,194,7760.0,1,0
2023-05-20,P003,S001,149,2235.0,0,0
2023-05-20,P003,S002,214,3210.0,1,0
2023-05-21,P001,S001,142,3550.0,0,0
2023-05-21,P001,S002,153,3825.0,0,0
2023-05-21,P002,S001,163,6520.0,0,0
2023-05-21,P002,S002,142,5680.0,0,0
2023-05-21,P003,S001,138,2070.0,0,0
2023-05-21,P003,S002,183,2745.0,1,0
2023-05-22,P001,S001,123,3075.0,0,0
2023-05-22,P001,S002,107,2675.0,0,0
2023-05-22,P002,S001,126,5040.0,0,0
2023-05-22,P002,S002,119,4760.0,0,0
2023-05-22,P003,S001,142,2130.0,0,0
2023-05-22,P003,S002,116,1740.0,0,0
2023-05-23,P001,S001,123,3075.0,0,0
2023-05-23,P001,S002,114,2850.0,0,0
2023-05-23,P002,S001,107,4280.0,0,0
2023-05-23,P002,S002,135,5400.0,0,0
2023-05-23,P003,S001,127,1905.0,0,0
2023-05-23,P003,S002,134,2010.0,0,0
2023-05-24,P001,S001,138,3450.0,0,0
2023-05-24,P001,S002,139,3475.0,0,0
2023-05-24,P002,S001,133,5320.0,0,0
2023-05-24,P002,S002,140,5600.0,0,0
2023-05-24,P003,S001,113,1695.0,0,0
2023-05-24,P003,S002,109,1635.0,0,0
2023-05-25,P001,S001,142,3550.0,0,0
2023-05-25,P001,S002,157,3925.0,1,0
2023-05-25,P002,S001,165,6600.0,1,0
2023-05-25,P002,S002,133,5320.0,0,0
2023-05-25,P003,S001,143,2145.0,0,0
2023-05-25,P003,S002,131,1965.0,0,0
2023-05-26,P001,S001,110,2750.0,0,0
2023-05-26,P001,S002,144,3600.0,0,0
2023-05-26,P002,S001,177,7080.0,1,0
2023-05-26,P002,S002,117,4680.0,0,0
2023-05-26,P003,S001,117,1755.0,0,0
2023-05-26,P003,S002,135,2025.0,0,0
2023-05-27,P001,S001,131,3275.0,0,0
2023-05-27,P001,S002,132,3300.0,0,0
2023-05-27,P002,S001,170,6800.0,0,0
2023-05-27,P002,S002,164,6560.0,0,0
2023-05-27,P003,S001,144,2160.0,0,0
2023-05-27,P003,S002,167,2505.0,0,0
2023-05-28,P001,S001,135,3375.0,0,0
2023-05-28,P001,S002,150,3750.0,0,0
2023-05-28,P002,S001,170,6800.0,0,0
2023-05-28,P002,S002,152,6080.0,0,0
2023-05-28,P003,S001,130,1950.0,0,0
2023-05-28,P003,S002,129,1935.0,0,0
2023-05-29,P001,S001,134,3350.0,0,0
2023-05-29,P001,S002,138,3450.0,0,0
2023-05-29,P002,S001,118,4720.0,0,0
2023-05-29,P002,S002,120,4800.0,0,0
2023-05-29,P003,S001,125,1875.0,0,0
2023-05-29,P003,S002,143,2145.0,0,0
2023-05-30,P001,S001,112,2800.0,0,0
2023-05-30,P001,S002,130,3250.0,0,0
2023-05-30,P002,S001,138,5520.0,0,0
2023-05-30,P002,S002,126,5040.0,0,0
2023-05-30,P003,S001,113,1695.0,0,0
2023-05-30,P003,S002,118,1770.0,0,0
2023-05-31,P001,S001,114,2850.0,0,0
2023-05-31,P001,S002,143,3575.0,0,0
2023-05-31,P002,S001,137,5480.0,0,0
2023-05-31,P002,S002,118,4720.0,0,0
2023-05-31,P003,S001,112,1680.0,0,0
2023-05-31,P003,S002,131,1965.0,0,0
2023-06-01,P001,S001,163,4075.0,0,0
2023-06-01,P001,S002,129,3225.0,0,0
2023-06-01,P002,S001,159,6360.0,0,0
2023-06-01,P002,S002,126,5040.0,0,0
2023-06-01,P003,S001,140,2100.0,0,0
2023-06-01,P003,S002,196,2940.0,1,0
2023-06-02,P001,S001,164,4100.0,0,0
2023-06-02,P001,S002,137,3425.0,0,0
2023-06-02,P002,S001,125,5000.0,0,0
2023-06-02,P002,S002,128,5120.0,0,0
2023-06-02,P003,S001,138,2070.0,0,0
2023-06-02,P003,S002,157,2355.0,0,0
2023-06-03,P001,S001,166,4150.0,0,0
2023-06-03,P001,S002,155,3875.0,0,0
2023-06-03,P002,S001,184,7360.0,0,0
2023-06-03,P002,S002,166,6640.0,0,0
2023-06-03,P003,S001,180,2700.0,0,0
2023-06-03,P003,S002,199,2985.0,0,0
2023-06-04,P001,S001,168,4200.0,0,0
2023-06-04,P001,S002,195,4875.0,0,0
2023-06-04,P002,S001,156,6240.0,0,0
2023-06-04,P002,S002,191,7640.0,0,0
2023-06-04,P003,S001,181,2715.0,0,0
2023-06-04,P003,S002,252,3780.0,1,0
2023-06-05,P001,S001,165,4125.0,1,0
2023-06-05,P001,S002,155,3875.0,0,0
2023-06-05,P002,S001,149,5960.0,0,0
2023-06-05,P002,S002,157,6280.0,0,0
2023-06-05,P003,S001,126,1890.0,0,0
2023-06-05,P003,S002,130,1950.0,0,0
2023-06-06,P001,S001,124,3100.0,0,0
2023-06-06,P001,S002,147,3675.0,0,0
2023-06-06,P002,S001,152,6080.0,0,0
2023-06-06,P002,S002,172,6880.0,1,0
2023-06-06,P003,S001,160,2400.0,0,0
2023-06-06,P003,S002,165,2475.0,0,0
2023-06-07,P001,S001,188,4700.0,1,0
2023-06-07,P001,S002,165,4125.0,1,0
2023-06-07,P002,S001,151,6040.0,0,0
2023-06-07,P002,S002,163,6520.0,0,0
2023-06-07,P003,S001,147,2205.0,0,0
2023-06-07,P003,S002,151,2265.0,0,0
2023-06-08,P001,S001,139,3475.0,0,0
2023-06-08,P001,S002,171,4275.0,1,0
2023-06-08,P002,S001,192,7680.0,1,0
2023-06-08,P002,S002,154,6160.0,0,0
2023-06-08,P003,S001,148,2220.0,0,0
2023-06-08,P003,S002,184,2760.0,1,0
2023-06-09,P001,S001,185,4625.0,1,0
2023-06-09,P001,S002,140,3500.0,0,0
2023-06-09,P002,S001,178,7120.0,1,0
2023-06-09,P002,S002,210,8400.0,1,0
2023-06-09,P003,S001,126,1890.0,0,0
2023-06-09,P003,S002,136,2040.0,0,0
2023-06-10,P001,S001,171,4275.0,0,0
2023-06-10,P001,S002,188,4700.0,0,0
2023-06-10,P002,S001,171,6840.0,0,0
2023-06-10,P002,S002,167,6680.0,0,0
2023-06-10,P003,S001,190,2850.0,0,0
2023-06-10,P003,S002,175,2625.0,0,0
2023-06-11,P001,S001,162,4050.0,0,0
2023-06-11,P001,S002,196,4900.0,0,0
2023-06-11,P002,S001,178,7120.0,0,0
2023-06-11,P002,S002,149,5960.0,0,0
2023-06-11,P003,S001,174,2610.0,0,0
2023-06-11,P003,S002,166,2490.0,0,0
2023-06-12,P001,S001,131,3275.0,0,0
2023-06-12,P001,S002,183,4575.0,1,0
2023-06-12,P002,S001,125,5000.0,0,0
2023-06-12,P002,S002,154,6160.0,0,0
2023-06-12,P003,S001,145,2175.0,0,0
2023-06-12,P003,S002,155,2325.0,0,0
2023-06-13,P001,S001,131,3275.0,0,0
2023-06-13,P001,S002,136,3400.0,0,0
2023-06-13,P002,S001,151,6040.0,0,0
2023-06-13,P002,S002,159,6360.0,0,0
2023-06-13,P003,S001,126,1890.0,0,0
2023-06-13,P003,S002,166,2490.0,0,0
2023-06-14,P001,S001,154,3850.0,0,0
2023-06-14,P001,S002,146,3650.0,0,0
2023-06-14,P002,S001,148,5920.0,0,0
2023-06-14,P002,S002,215,8600.0,1,0
2023-06-14,P003,S001,143,2145.0,0,0
2023-06-14,P003,S002,198,2970.0,1,0
2023-06-15,P001,S001,143,3575.0,0,0
2023-06-15,P001,S002,144,3600.0,0,0
2023-06-15,P002,S001,149,5960.0,0,0
2023-06-15,P002,S002,130,5200.0,0,0
2023-06-15,P003,S001,159,2385.0,0,0
2023-06-15,P003,S002,138,2070.0,0,0
2023-06-16,P001,S001,212,5300.0,1,0
2023-06-16,P001,S002,125,3125.0,0,0
2023-06-16,P002,S001,159,6360.0,0,0
2023-06-16,P002,S002,211,8440.0,1,0
2023-06-16,P003,S001,146,2190.0,0,0
2023-06-16,P003,S002,134,2010.0,0,0
2023-06-17,P001,S001,181,4525.0,0,0
2023-06-17,P001,S002,187,4675.0,0,0
2023-06-17,P002,S001,178,7120.0,0,0
2023-06-17,P002,S002,170,6800.0,0,0
2023-06-17,P003,S001,184,2760.0,0,0
2023-06-17,P003,S002,211,3165.0,1,0
2023-06-18,P001,S001,165,4125.0,0,0
2023-06-18,P001,S002,193,4825.0,0,0
2023-06-18,P002,S001,194,7760.0,0,0
2023-06-18,P002,S002,194,7760.0,0,0
2023-06-18,P003,S001,195,2925.0,0,0
2023-06-18,P003,S002,165,2475.0,0,0
2023-06-19,P001,S001,164,4100.0,0,0
2023-06-19,P001,S002,139,3475.0,0,0
2023-06-19,P002,S001,183,7320.0,1,0
2023-06-19,P002,S002,142,5680.0,0,0
2023-06-19,P003,S001,163,2445.0,0,0
2023-06-19,P003,S002,145,2175.0,0,0
2023-06-20,P001,S001,187,4675.0,1,0
2023-06-20,P001,S002,135,3375.0,0,0
2023-06-20,P002,S001,130,5200.0,0,0
2023-06-20,P002,S002,204,8160.0,1,0
2023-06-20,P003,S001,149,2235.0,0,0
2023-06-20,P003,S002,165,2475.0,0,0
2023-06-21,P001,S001,190,4750.0,1,0
2023-06-21,P001,S002,148,3700.0,0,0
2023-06-21,P002,S001,128,5120.0,0,0
2023-06-21,P002,S002,147,5880.0,0,0
2023-06-21,P003,S001,124,1860.0,0,0
2023-06-21,P003,S002,125,1875.0,0,0
2023-06-22,P001,S001,147,3675.0,0,0
2023-06-22,P001,S002,188,4700.0,1,0
2023-06-22,P002,S001,148,5920.0,0,0
2023-06-22,P002,S002,217,8680.0,1,0
2023-06-22,P003,S001,138,2070.0,0,0
2023-06-22,P003,S002,172,2580.0,1,0
2023-06-23,P001,S001,141,3525.0,0,0
2023-06-23,P001,S002,139,3475.0,0,0
2023-06-23,P002,S001,154,6160.0,0,0
2023-06-23,P002,S002,176,7040.0,1,0
2023-06-23,P003,S001,164,2460.0,1,0
2023-06-23,P003,S002,127,1905.0,0,0
2023-06-24,P001,S001,245,6125.0,1,0
2023-06-24,P001,S002,192,4800.0,0,0
2023-06-24,P002,S001,199,7960.0,0,0
2023-06-24,P002,S002,197,7880.0,0,0
2023-06-24,P003,S001,155,2325.0,0,0
2023-06-24,P003,S002,155,2325.0,0,0
2023-06-25,P001,S001,174,4350.0,0,0
2023-06-25,P001,S002,149,3725.0,0,0
2023-06-25,P002,S001,174,6960.0,0,0
2023-06-25,P002,S002,219,8760.0,1,0
2023-06-25,P003,S001,186,2790.0,0,0
2023-06-25,P003,S002,164,2460.0,0,0
2023-06-26,P001,S001,133,3325.0,0,0
2023-06-26,P001,S002,168,4200.0,1,0
2023-06-26,P002,S001,125,5000.0,0,0
2023-06-26,P002,S002,158,6320.0,0,0
2023-06-26,P003,S001,127,1905.0,0,0
2023-06-26,P003,S002,124,1860.0,0,0
2023-06-27,P001,S001,159,3975.0,0,0
2023-06-27,P001,S002,164,4100.0,0,0
2023-06-27,P002,S001,200,8000.0,1,0
2023-06-27,P002,S002,158,6320.0,0,0
2023-06-27,P003,S001,207,3105.0,1,0
2023-06-27,P003,S002,134,2010.0,0,0
2023-06-28,P001,S001,203,5075.0,1,0
2023-06-28,P001,S002,170,4250.0,1,0
2023-06-28,P002,S001,133,5320.0,0,0
2023-06-28,P002,S002,132,5280.0,0,0
2023-06-28,P003,S001,168,2520.0,0,0
2023-06-28,P003,S002,160,2400.0,0,0
2023-06-29,P001,S001,161,4025.0,0,0
2023-06-29,P001,S002,163,4075.0,0,0
2023-06-29,P002,S001,162,6480.0,1,0
2023-06-29,P002,S002,135,5400.0,0,0
2023-06-29,P003,S001,163,2445.0,0,0
2023-06-29,P003,S002,150,2250.0,0,0
2023-06-30,P001,S001,159,3975.0,0,0
2023-06-30,P001,S002,177,4425.0,1,0
2023-06-30,P002,S001,128,5120.0,0,0
2023-06-30,P002,S002,146,5840.0,0,0
2023-06-30,P003,S001,143,2145.0,0,0
2023-06-30,P003,S002,147,2205.0,0,0
2023-07-01,P001,S001,149,3725.0,0,0
2023-07-01,P001,S002,186,4650.0,0,0
2023-07-01,P002,S001,152,6080.0,0,0
2023-07-01,P002,S002,199,7960.0,0,0
2023-07-01,P003,S001,166,2490.0,0,0
2023-07-01,P003,S002,179,2685.0,0,0
2023-07-02,P001,S001,168,4200.0,0,0
2023-07-02,P001,S002,178,4450.0,0,0
2023-07-02,P002,S001,171,6840.0,0,0
2023-07-02,P002,S002,149,5960.0,0,0
2023-07-02,P003,S001,195,2925.0,0,0
2023-07-02,P003,S002,186,2790.0,0,0
2023-07-03,P001,S001,177,4425.0,1,0
2023-07-03,P001,S002,149,3725.0,0,0
2023-07-03,P002,S001,215,8600.0,1,0
2023-07-03,P002,S002,128,5120.0,0,0
2023-07-03,P003,S001,142,2130.0,0,0
2023-07-03,P003,S002,126,1890.0,0,0
2023-07-04,P001,S001,159,3975.0,0,0
2023-07-04,P001,S002,137,3425.0,0,0
2023-07-04,P002,S001,162,6480.0,0,0
2023-07-04,P002,S002,136,5440.0,0,0
2023-07-04,P003,S001,135,2025.0,0,0
2023-07-04,P003,S002,195,2925.0,1,0
2023-07-05,P001,S001,150,3750.0,0,0
2023-07-05,P001,S002,160,4000.0,0,0
2023-07-05,P002,S001,129,5160.0,0,0
2023-07-05,P002,S002,148,5920.0,0,0
2023-07-05,P003,S001,179,2685.0,1,0
2023-07-05,P003,S002,205,3075.0,1,0
2023-07-06,P001,S001,126,3150.0,0,0
2023-07-06,P001,S002,156,3900.0,0,0
2023-07-06,P002,S001,141,5640.0,0,0
2023-07-06,P002,S002,156,6240.0,0,0
2023-07-06,P003,S001,142,2130.0,0,0
2023-07-06,P003,S002,148,2220.0,0,0
2023-07-07,P001,S001,171,4275.0,1,0
2023-07-07,P001,S002,201,5025.0,1,0
2023-07-07,P002,S001,155,6200.0,0,0
2023-07-07,P002,S002,130,5200.0,0,0
2023-07-07,P003,S001,147,2205.0,0,0
2023-07-07,P003,S002,139,2085.0,0,0
2023-07-08,P001,S001,235,5875.0,1,0
2023-07-08,P001,S002,173,4325.0,0,0
2023-07-08,P002,S001,191,7640.0,0,0
2023-07-08,P002,S002,197,7880.0,0,0
2023-07-08,P003,S001,171,2565.0,0,0
2023-07-08,P003,S002,256,3840.0,1,0
2023-07-09,P001,S001,195,4875.0,0,0
2023-07-09,P001,S002,195,4875.0,0,0
2023-07-09,P002,S001,159,6360.0,0,0
2023-07-09,P002,S002,171,6840.0,0,0
2023-07-09,P003,S001,166,2490.0,0,0
2023-07-09,P003,S002,165,2475.0,0,0
2023-07-10,P001,S001,144,3600.0,0,0
2023-07-10,P001,S002,157,3925.0,0,0
2023-07-10,P002,S001,205,8200.0,1,0
2023-07-10,P002,S002,157,6280.0,0,0
2023-07-10,P003,S001,130,1950.0,0,0
2023-07-10,P003,S002,160,2400.0,0,0
2023-07-11,P001,S001,127,3175.0,0,0
2023-07-11,P001,S002,162,4050.0,0,0
2023-07-11,P002,S001,136,5440.0,0,0
2023-07-11,P002,S002,148,5920.0,0,0
2023-07-11,P003,S001,135,2025.0,0,0
2023-07-11,P003,S002,180,2700.0,1,0
2023-07-12,P001,S001,125,3125.0,0,0
2023-07-12,P001,S002,140,3500.0,0,0
2023-07-12,P002,S001,128,5120.0,0,0
2023-07-12,P002,S002,134,5360.0,0,0
2023-07-12,P003,S001,160,2400.0,0,0
2023-07-12,P003,S002,157,2355.0,0,0
2023-07-13,P001,S001,140,3500.0,0,0
2023-07-13,P001,S002,179,4475.0,1,0
2023-07-13,P002,S001,157,6280.0,0,0
2023-07-13,P002,S002,138,5520.0,0,0
2023-07-13,P003,S001,161,2415.0,0,0
2023-07-13,P003,S002,193,2895.0,1,0
2023-07-14,P001,S001,164,4100.0,0,0
2023-07-14,P001,S002,135,3375.0,0,0
2023-07-14,P002,S001,161,6440.0,0,0
2023-07-14,P002,S002,186,7440.0,1,0
2023-07-14,P003,S001,144,2160.0,0,0
2023-07-14,P003,S002,137,2055.0,0,0
2023-07-15,P001,S001,154,3850.0,0,0
2023-07-15,P001,S002,224,5600.0,1,0
2023-07-15,P002,S001,154,6160.0,0,0
2023-07-15,P002,S002,154,6160.0,0,0
2023-07-15,P003,S001,250,3750.0,1,0
2023-07-15,P003,S002,161,2415.0,0,0
2023-07-16,P001,S001,219,5475.0,1,0
2023-07-16,P001,S002,180,4500.0,0,0
2023-07-16,P002,S001,195,7800.0,1,0
2023-07-16,P002,S002,199,7960.0,0,0
2023-07-16,P003,S001,156,2340.0,0,0
2023-07-16,P003,S002,195,2925.0,0,0
2023-07-17,P001,S001,169,4225.0,0,0
2023-07-17,P001,S002,128,3200.0,0,0
2023-07-17,P002,S001,186,7440.0,1,0
2023-07-17,P002,S002,149,5960.0,0,0
2023-07-17,P003,S001,129,1935.0,0,0
2023-07-17,P003,S002,145,2175.0,0,0
2023-07-18,P001,S001,195,4875.0,1,0
2023-07-18,P001,S002,179,4475.0,1,0
2023-07-18,P002,S001,132,5280.0,0,0
2023-07-18,P002,S002,137,5480.0,0,0
2023-07-18,P003,S001,165,2475.0,0,0
2023-07-18,P003,S002,176,2640.0,1,0
2023-07-19,P001,S001,181,4525.0,1,0
2023-07-19,P001,S002,163,4075.0,0,0
2023-07-19,P002,S001,132,5280.0,0,0
2023-07-19,P002,S002,138,5520.0,0,0
2023-07-19,P003,S001,145,2175.0,0,0
2023-07-19,P003,S002,166,2490.0,1,0
2023-07-20,P001,S001,146,3650.0,0,0
2023-07-20,P001,S002,139,3475.0,0,0
2023-07-20,P002,S001,164,6560.0,0,0
2023-07-20,P002,S002,209,8360.0,1,0
2023-07-20,P003,S001,194,2910.0,1,0
2023-07-20,P003,S002,180,2700.0,1,0
2023-07-21,P001,S001,139,3475.0,0,0
2023-07-21,P001,S002,138,3450.0,0,0
2023-07-21,P002,S001,181,7240.0,1,0
2023-07-21,P002,S002,148,5920.0,0,0
2023-07-21,P003,S001,130,1950.0,0,0
2023-07-21,P003,S002,145,2175.0,0,0
2023-07-22,P001,S001,193,4825.0,0,0
2023-07-22,P001,S002,173,4325.0,0,0
2023-07-22,P002,S001,167,6680.0,0,0
2023-07-22,P002,S002,153,6120.0,0,0
2023-07-22,P003,S001,192,2880.0,0,0
2023-07-22,P003,S002,157,2355.0,0,0
2023-07-23,P001,S001,200,5000.0,0,0
2023-07-23,P001,S002,244,6100.0,1,0
2023-07-23,P002,S001,178,7120.0,0,0
2023-07-23,P002,S002,262,10480.0,1,0
2023-07-23,P003,S001,193,2895.0,0,0
2023-07-23,P003,S002,161,2415.0,0,0
2023-07-24,P001,S001,143,3575.0,0,0
2023-07-24,P001,S002,168,4200.0,1,0
2023-07-24,P002,S001,166,6640.0,0,0
2023-07-24,P002,S002,172,6880.0,1,0
2023-07-24,P003,S001,152,2280.0,0,0
2023-07-24,P003,S002,168,2520.0,0,0
2023-07-25,P001,S001,172,4300.0,1,0
2023-07-25,P001,S002,129,3225.0,0,0
2023-07-25,P002,S001,174,6960.0,1,0
2023-07-25,P002,S002,145,5800.0,0,0
2023-07-25,P003,S001,128,1920.0,0,0
2023-07-25,P003,S002,166,2490.0,0,0
2023-07-26,P001,S001,208,5200.0,1,0
2023-07-26,P001,S002,140,3500.0,0,0
2023-07-26,P002,S001,137,5480.0,0,0
2023-07-26,P002,S002,199,7960.0,1,0
2023-07-26,P003,S001,165,2475.0,0,0
2023-07-26,P003,S002,167,2505.0,1,0
2023-07-27,P001,S001,139,3475.0,0,0
2023-07-27,P001,S002,133,3325.0,0,0
2023-07-27,P002,S001,168,6720.0,0,0
2023-07-27,P002,S002,129,5160.0,0,0
2023-07-27,P003,S001,140,2100.0,0,0
2023-07-27,P003,S002,188,2820.0,1,0
2023-07-28,P001,S001,134,3350.0,0,0
2023-07-28,P001,S002,137,3425.0,0,0
2023-07-28,P002,S001,134,5360.0,0,0
2023-07-28,P002,S002,146,5840.0,0,0
2023-07-28,P003,S001,217,3255.0,1,0
2023-07-28,P003,S002,141,2115.0,0,0
2023-07-29,P001,S001,178,4450.0,0,0
2023-07-29,P001,S002,198,4950.0,0,0
2023-07-29,P002,S001,222,8880.0,1,0
2023-07-29,P002,S002,198,7920.0,0,0
2023-07-29,P003,S001,196,2940.0,1,0
2023-07-29,P003,S002,173,2595.0,0,0
2023-07-30,P001,S001,161,4025.0,0,0
2023-07-30,P001,S002,185,4625.0,0,0
2023-07-30,P002,S001,153,6120.0,0,0
2023-07-30,P002,S002,193,7720.0,0,0
2023-07-30,P003,S001,229,3435.0,1,0
2023-07-30,P003,S002,203,3045.0,0,0
2023-07-31,P001,S001,135,3375.0,0,0
2023-07-31,P001,S002,133,3325.0,0,0
2023-07-31,P002,S001,166,6640.0,0,0
2023-07-31,P002,S002,144,5760.0,0,0
2023-07-31,P003,S001,166,2490.0,1,0
2023-07-31,P003,S002,151,2265.0,0,0
2023-08-01,P001,S001,111,2775.0,0,0
2023-08-01,P001,S002,134,3350.0,0,0
2023-08-01,P002,S001,134,5360.0,0,0
2023-08-01,P002,S002,113,4520.0,0,0
2023-08-01,P003,S001,114,1710.0,0,0
2023-08-01,P003,S002,166,2490.0,1,0
2023-08-02,P001,S001,139,3475.0,0,0
2023-08-02,P001,S002,121,3025.0,0,0
2023-08-02,P002,S001,186,7440.0,1,0
2023-08-02,P002,S002,111,4440.0,0,0
2023-08-02,P003,S001,139,2085.0,0,0
2023-08-02,P003,S002,118,1770.0,0,0
2023-08-03,P001,S001,143,3575.0,1,0
2023-08-03,P001,S002,127,3175.0,0,0
2023-08-03,P002,S001,109,4360.0,0,0
2023-08-03,P002,S002,160,6400.0,1,0
2023-08-03,P003,S001,135,2025.0,0,0
2023-08-03,P003,S002,146,2190.0,0,0
2023-08-04,P001,S001,125,3125.0,0,0
2023-08-04,P001,S002,174,4350.0,1,0
2023-08-04,P002,S001,114,4560.0,0,0
2023-08-04,P002,S002,160,6400.0,1,0
2023-08-04,P003,S001,127,1905.0,0,0
2023-08-04,P003,S002,132,1980.0,0,0
2023-08-05,P001,S001,150,3750.0,0,0
2023-08-05,P001,S002,151,3775.0,0,0
2023-08-05,P002,S001,170,6800.0,0,0
2023-08-05,P002,S002,133,5320.0,0,0
2023-08-05,P003,S001,156,2340.0,0,0
2023-08-05,P003,S002,221,3315.0,1,0
2023-08-06,P001,S001,189,4725.0,1,0
2023-08-06,P001,S002,153,3825.0,0,0
2023-08-06,P002,S001,133,5320.0,0,0
2023-08-06,P002,S002,185,7400.0,1,0
2023-08-06,P003,S001,135,2025.0,0,0
2023-08-06,P003,S002,206,3090.0,1,0
2023-08-07,P001,S001,145,3625.0,0,0
2023-08-07,P001,S002,133,3325.0,0,0
2023-08-07,P002,S001,117,4680.0,0,0
2023-08-07,P002,S002,181,7240.0,1,0
2023-08-07,P003,S001,124,1860.0,0,0
2023-08-07,P003,S002,109,1635.0,0,0
2023-08-08,P001,S001,117,2925.0,0,0
2023-08-08,P001,S002,141,3525.0,0,0
2023-08-08,P002,S001,117,4680.0,0,0
2023-08-08,P002,S002,143,5720.0,0,0
2023-08-08,P003,S001,112,1680.0,0,0
2023-08-08,P003,S002,138,2070.0,0,0
2023-08-09,P001,S001,141,3525.0,0,0
2023-08-09,P001,S002,182,4550.0,1,0
2023-08-09,P002,S001,128,5120.0,0,0
2023-08-09,P002,S002,148,5920.0,0,0
2023-08-09,P003,S001,115,1725.0,0,0
2023-08-09,P003,S002,120,1800.0,0,0
2023-08-10,P001,S001,132,3300.0,0,0
2023-08-10,P001,S002,142,3550.0,0,0
2023-08-10,P002,S001,127,5080.0,0,0
2023-08-10,P002,S002,135,5400.0,0,0
2023-08-10,P003,S001,125,1875.0,0,0
2023-08-10,P003,S002,115,1725.0,0,0
2023-08-11,P001,S001,162,4050.0,1,0
2023-08-11,P001,S002,110,2750.0,0,0
2023-08-11,P002,S001,128,5120.0,0,0
2023-08-11,P002,S002,169,6760.0,1,0
2023-08-11,P003,S001,167,2505.0,1,0
2023-08-11,P003,S002,114,1710.0,0,0
2023-08-12,P001,S001,186,4650.0,1,0
2023-08-12,P001,S002,226,5650.0,1,0
2023-08-12,P002,S001,203,8120.0,1,0
2023-08-12,P002,S002,168,6720.0,0,0
2023-08-12,P003,S001,159,2385.0,0,0
2023-08-12,P003,S002,155,2325.0,0,0
2023-08-13,P001,S001,140,3500.0,0,0
2023-08-13,P001,S002,152,3800.0,0,0
2023-08-13,P002,S001,135,5400.0,0,0
2023-08-13,P002,S002,140,5600.0,0,0
2023-08-13,P003,S001,161,2415.0,0,0
2023-08-13,P003,S002,166,2490.0,0,0
2023-08-14,P001,S001,139,3475.0,0,0
2023-08-14,P001,S002,128,3200.0,0,0
2023-08-14,P002,S001,110,4400.0,0,0
2023-08-14,P002,S002,134,5360.0,0,0
2023-08-14,P003,S001,113,1695.0,0,0
2023-08-14,P003,S002,145,2175.0,0,0
2023-08-15,P001,S001,115,2875.0,0,0
2023-08-15,P001,S002,133,3325.0,0,0
2023-08-15,P002,S001,145,5800.0,1,0
2023-08-15,P002,S002,144,5760.0,0,0
2023-08-15,P003,S001,117,1755.0,0,0
2023-08-15,P003,S002,174,2610.0,1,0
2023-08-16,P001,S001,112,2800.0,0,0
2023-08-16,P001,S002,119,2975.0,0,0
2023-08-16,P002,S001,164,6560.0,1,0
2023-08-16,P002,S002,145,5800.0,0,0
2023-08-16,P003,S001,117,1755.0,0,0
2023-08-16,P003,S002,145,2175.0,0,0
2023-08-17,P001,S001,146,3650.0,1,0
2023-08-17,P001,S002,132,3300.0,0,0
2023-08-17,P002,S001,149,5960.0,1,0
2023-08-17,P002,S002,144,5760.0,0,0
2023-08-17,P003,S001,128,1920.0,0,0
2023-08-17,P003,S002,121,1815.0,0,0
2023-08-18,P001,S001,147,3675.0,0,0
2023-08-18,P001,S002,128,3200.0,0,0
2023-08-18,P002,S001,116,4640.0,0,0
2023-08-18,P002,S002,138,5520.0,0,0
2023-08-18,P003,S001,174,2610.0,1,0
2023-08-18,P003,S002,115,1725.0,0,0
2023-08-19,P001,S001,180,4500.0,1,0
2023-08-19,P001,S002,144,3600.0,0,0
2023-08-19,P002,S001,215,8600.0,1,0
2023-08-19,P002,S002,142,5680.0,0,0
2023-08-19,P003,S001,161,2415.0,0,0
2023-08-19,P003,S002,137,2055.0,0,0
2023-08-20,P001,S001,226,5650.0,1,0
2023-08-20,P001,S002,170,4250.0,0,0
2023-08-20,P002,S001,153,6120.0,0,0
2023-08-20,P002,S002,159,6360.0,0,0
2023-08-20,P003,S001,151,2265.0,0,0
2023-08-20,P003,S002,165,2475.0,0,0
2023-08-21,P001,S001,112,2800.0,0,0
2023-08-21,P001,S002,166,4150.0,1,0
2023-08-21,P002,S001,119,4760.0,0,0
2023-08-21,P002,S002,144,5760.0,0,0
2023-08-21,P003,S001,139,2085.0,0,0
2023-08-21,P003,S002,128,1920.0,0,0
2023-08-22,P001,S001,182,4550.0,1,0
2023-08-22,P001,S002,129,3225.0,0,0
2023-08-22,P002,S001,126,5040.0,0,0
2023-08-22,P002,S002,140,5600.0,0,0
2023-08-22,P003,S001,146,2190.0,0,0
2023-08-22,P003,S002,125,1875.0,0,0
2023-08-23,P001,S001,134,3350.0,0,0
2023-08-23,P001,S002,129,3225.0,0,0
2023-08-23,P002,S001,117,4680.0,0,0
2023-08-23,P002,S002,171,6840.0,1,0
2023-08-23,P003,S001,140,2100.0,0,0
2023-08-23,P003,S002,191,2865.0,1,0
2023-08-24,P001,S001,115,2875.0,0,0
2023-08-24,P001,S002,114,2850.0,0,0
2023-08-24,P002,S001,152,6080.0,1,0
2023-08-24,P002,S002,126,5040.0,0,0
2023-08-24,P003,S001,141,2115.0,0,0
2023-08-24,P003,S002,117,1755.0,0,0
2023-08-25,P001,S001,130,3250.0,0,0
2023-08-25,P001,S002,134,3350.0,0,0
2023-08-25,P002,S001,138,5520.0,0,0
2023-08-25,P002,S002,189,7560.0,1,0
2023-08-25,P003,S001,156,2340.0,1,0
2023-08-25,P003,S002,122,1830.0,0,0
2023-08-26,P001,S001,231,5775.0,1,0
2023-08-26,P001,S002,179,4475.0,1,0
2023-08-26,P002,S001,198,7920.0,1,0
2023-08-26,P002,S002,153,6120.0,0,0
2023-08-26,P003,S001,158,2370.0,0,0
2023-08-26,P003,S002,154,2310.0,0,0
2023-08-27,P001,S001,173,4325.0,0,0
2023-08-27,P001,S002,153,3825.0,0,0
2023-08-27,P002,S001,227,9080.0,1,0
2023-08-27,P002,S002,157,6280.0,0,0
2023-08-27,P003,S001,134,2010.0,0,0
2023-08-27,P003,S002,173,2595.0,0,0
2023-08-28,P001,S001,142,3550.0,0,0
2023-08-28,P001,S002,190,4750.0,1,0
2023-08-28,P002,S001,145,5800.0,0,0
2023-08-28,P002,S002,132,5280.0,0,0
2023-08-28,P003,S001,112,1680.0,0,0
2023-08-28,P003,S002,128,1920.0,0,0
2023-08-29,P001,S001,118,2950.0,0,0
2023-08-29,P001,S002,110,2750.0,0,0
2023-08-29,P002,S001,147,5880.0,1,0
2023-08-29,P002,S002,125,5000.0,0,0
2023-08-29,P003,S001,124,1860.0,0,0
2023-08-29,P003,S002,148,2220.0,0,0
2023-08-30,P001,S001,111,2775.0,0,0
2023-08-30,P001,S002,144,3600.0,0,0
2023-08-30,P002,S001,114,4560.0,0,0
2023-08-30,P002,S002,134,5360.0,0,0
2023-08-30,P003,S001,112,1680.0,0,0
2023-08-30,P003,S002,135,2025.0,0,0
2023-08-31,P001,S001,130,3250.0,0,0
2023-08-31,P001,S002,121,3025.0,0,0
2023-08-31,P002,S001,186,7440.0,1,0
2023-08-31,P002,S002,113,4520.0,0,0
2023-08-31,P003,S001,130,1950.0,0,0
2023-08-31,P003,S002,149,2235.0,0,0
2023-09-01,P001,S001,129,3225.0,0,0
2023-09-01,P001,S002,135,3375.0,0,0
2023-09-01,P002,S001,127,5080.0,0,0
2023-09-01,P002,S002,145,5800.0,0,0
2023-09-01,P003,S001,146,2190.0,0,0
2023-09-01,P003,S002,159,2385.0,1,0
2023-09-02,P001,S001,134,3350.0,0,0
2023-09-02,P001,S002,205,5125.0,1,0
2023-09-02,P002,S001,150,6000.0,0,0
2023-09-02,P002,S002,179,7160.0,0,0
2023-09-02,P003,S001,163,2445.0,0,0
2023-09-02,P003,S002,177,2655.0,0,0
2023-09-03,P001,S001,158,3950.0,0,0
2023-09-03,P001,S002,166,4150.0,0,0
2023-09-03,P002,S001,142,5680.0,0,0
2023-09-03,P002,S002,167,6680.0,0,0
2023-09-03,P003,S001,160,2400.0,0,0
2023-09-03,P003,S002,173,2595.0,0,0
2023-09-04,P001,S001,170,4250.0,1,0
2023-09-04,P001,S002,120,3000.0,0,0
2023-09-04,P002,S001,121,4840.0,0,0
2023-09-04,P002,S002,131,5240.0,0,0
2023-09-04,P003,S001,164,2460.0,1,0
2023-09-04,P003,S002,130,1950.0,0,0
2023-09-05,P001,S001,121,3025.0,0,0
2023-09-05,P001,S002,129,3225.0,0,0
2023-09-05,P002,S001,147,5880.0,0,0
2023-09-05,P002,S002,112,4480.0,0,0
2023-09-05,P003,S001,132,1980.0,0,0
2023-09-05,P003,S002,140,2100.0,0,0
2023-09-06,P001,S001,192,4800.0,1,0
2023-09-06,P001,S002,145,3625.0,0,0
2023-09-06,P002,S001,128,5120.0,0,0
2023-09-06,P002,S002,144,5760.0,0,0
2023-09-06,P003,S001,125,1875.0,0,0
2023-09-06,P003,S002,133,1995.0,0,0
2023-09-07,P001,S001,146,3650.0,0,0
2023-09-07,P001,S002,135,3375.0,0,0
2023-09-07,P002,S001,134,5360.0,0,0
2023-09-07,P002,S002,114,4560.0,0,0
2023-09-07,P003,S001,126,1890.0,0,0
2023-09-07,P003,S002,114,1710.0,0,0
2023-09-08,P001,S001,117,2925.0,0,0
2023-09-08,P001,S002,173,4325.0,1,0
2023-09-08,P002,S001,123,4920.0,0,0
2023-09-08,P002,S002,149,5960.0,0,0
2023-09-08,P003,S001,127,1905.0,0,0
2023-09-08,P003,S002,112,1680.0,0,0
2023-09-09,P001,S001,206,5150.0,1,0
2023-09-09,P001,S002,136,3400.0,0,0
2023-09-09,P002,S001,175,7000.0,0,0
2023-09-09,P002,S002,145,5800.0,0,0
2023-09-09,P003,S001,165,2475.0,0,0
2023-09-09,P003,S002,152,2280.0,0,0
2023-09-10,P001,S001,143,3575.0,0,0
2023-09-10,P001,S002,179,4475.0,0,0
2023-09-10,P002,S001,161,6440.0,0,0
2023-09-10,P002,S002,154,6160.0,0,0
2023-09-10,P003,S001,172,2580.0,0,0
2023-09-10,P003,S002,159,2385.0,0,0
2023-09-11,P001,S001,118,2950.0,0,0
2023-09-11,P001,S002,139,3475.0,0,0
2023-09-11,P002,S001,138,5520.0,0,0
2023-09-11,P002,S002,127,5080.0,0,0
2023-09-11,P003,S001,125,1875.0,0,0
2023-09-11,P003,S002,123,1845.0,0,0
2023-09-12,P001,S001,137,3425.0,0,0
2023-09-12,P001,S002,129,3225.0,0,0
2023-09-12,P002,S001,119,4760.0,0,0
2023-09-12,P002,S002,146,5840.0,0,0
2023-09-12,P003,S001,120,1800.0,0,0
2023-09-12,P003,S002,116,1740.0,0,0
2023-09-13,P001,S001,114,2850.0,0,0
2023-09-13,P001,S002,136,3400.0,0,0
2023-09-13,P002,S001,139,5560.0,0,0
2023-09-13,P002,S002,121,4840.0,0,0
2023-09-13,P003,S001,115,1725.0,0,0
2023-09-13,P003,S002,128,1920.0,0,0
2023-09-14,P001,S001,135,3375.0,0,0
2023-09-14,P001,S002,195,4875.0,1,0
2023-09-14,P002,S001,127,5080.0,0,0
2023-09-14,P002,S002,121,4840.0,0,0
2023-09-14,P003,S001,125,1875.0,0,0
2023-09-14,P003,S002,163,2445.0,1,0
2023-09-15,P001,S001,126,3150.0,0,0
2023-09-15,P001,S002,178,4450.0,1,0
2023-09-15,P002,S001,124,4960.0,0,0
2023-09-15,P002,S002,146,5840.0,1,0
2023-09-15,P003,S001,171,2565.0,1,0
2023-09-15,P003,S002,130,1950.0,0,0
2023-09-16,P001,S001,134,3350.0,0,0
2023-09-16,P001,S002,201,5025.0,1,0
2023-09-16,P002,S001,140,5600.0,0,0
2023-09-16,P002,S002,157,6280.0,0,0
2023-09-16,P003,S001,165,2475.0,0,0
2023-09-16,P003,S002,179,2685.0,0,0
2023-09-17,P001,S001,171,4275.0,0,0
2023-09-17,P001,S002,152,3800.0,0,0
2023-09-17,P002,S001,160,6400.0,0,0
2023-09-17,P002,S002,178,7120.0,1,0
2023-09-17,P003,S001,173,2595.0,0,0
2023-09-17,P003,S002,165,2475.0,0,0
2023-09-18,P001,S001,144,3600.0,0,0
2023-09-18,P001,S002,116,2900.0,0,0
2023-09-18,P002,S001,148,5920.0,0,0
2023-09-18,P002,S002,124,4960.0,0,0
2023-09-18,P003,S001,148,2220.0,0,0
2023-09-18,P003,S002,195,2925.0,1,0
2023-09-19,P001,S001,116,2900.0,0,0
2023-09-19,P001,S002,143,3575.0,0,0
2023-09-19,P002,S001,121,4840.0,0,0
2023-09-19,P002,S002,113,4520.0,0,0
2023-09-19,P003,S001,131,1965.0,0,0
2023-09-19,P003,S002,140,2100.0,0,0
2023-09-20,P001,S001,135,3375.0,0,0
2023-09-20,P001,S002,133,3325.0,0,0
2023-09-20,P002,S001,121,4840.0,0,0
2023-09-20,P002,S002,116,4640.0,0,0
2023-09-20,P003,S001,131,1965.0,0,0
2023-09-20,P003,S002,181,2715.0,1,0
2023-09-21,P001,S001,125,3125.0,0,0
2023-09-21,P001,S002,127,3175.0,0,0
2023-09-21,P002,S001,114,4560.0,0,0
2023-09-21,P002,S002,150,6000.0,0,0
2023-09-21,P003,S001,113,1695.0,0,0
2023-09-21,P003,S002,121,1815.0,0,0
2023-09-22,P001,S001,181,4525.0,1,0
2023-09-22,P001,S002,166,4150.0,1,0
2023-09-22,P002,S001,130,5200.0,0,0
2023-09-22,P002,S002,129,5160.0,0,0
2023-09-22,P003,S001,131,1965.0,0,0
2023-09-22,P003,S002,143,2145.0,0,0
2023-09-23,P001,S001,165,4125.0,0,0
2023-09-23,P001,S002,168,4200.0,0,0
2023-09-23,P002,S001,176,7040.0,0,0
2023-09-23,P002,S002,177,7080.0,1,0
2023-09-23,P003,S001,176,2640.0,1,0
2023-09-23,P003,S002,159,2385.0,0,0
2023-09-24,P001,S001,169,4225.0,0,0
2023-09-24,P001,S002,142,3550.0,0,0
2023-09-24,P002,S001,168,6720.0,0,0
2023-09-24,P002,S002,217,8680.0,1,0
2023-09-24,P003,S001,152,2280.0,0,0
2023-09-24,P003,S002,139,2085.0,0,0
2023-09-25,P001,S001,138,3450.0,0,0
2023-09-25,P001,S002,140,3500.0,0,0
2023-09-25,P002,S001,114,4560.0,0,0
2023-09-25,P002,S002,145,5800.0,0,0
2023-09-25,P003,S001,147,2205.0,0,0
2023-09-25,P003,S002,150,2250.0,0,0
2023-09-26,P001,S001,112,2800.0,0,0
2023-09-26,P001,S002,159,3975.0,1,0
2023-09-26,P002,S001,118,4720.0,0,0
2023-09-26,P002,S002,147,5880.0,0,0
2023-09-26,P003,S001,138,2070.0,0,0
2023-09-26,P003,S002,136,2040.0,0,0
2023-09-27,P001,S001,120,3000.0,0,0
2023-09-27,P001,S002,119,2975.0,0,0
2023-09-27,P002,S001,165,6600.0,1,0
2023-09-27,P002,S002,129,5160.0,0,0
2023-09-27,P003,S001,141,2115.0,0,0
2023-09-27,P003,S002,168,2520.0,1,0
2023-09-28,P001,S001,174,4350.0,1,0
2023-09-28,P001,S002,139,3475.0,0,0
2023-09-28,P002,S001,137,5480.0,0,0
2023-09-28,P002,S002,168,6720.0,1,0
2023-09-28,P003,S001,184,2760.0,1,0
2023-09-28,P003,S002,135,2025.0,0,0
2023-09-29,P001,S001,150,3750.0,0,0
2023-09-29,P001,S002,113,2825.0,0,0
2023-09-29,P002,S001,136,5440.0,0,0
2023-09-29,P002,S002,112,4480.0,0,0
2023-09-29,P003,S001,125,1875.0,0,0
2023-09-29,P003,S002,122,1830.0,0,0
2023-09-30,P001,S001,167,4175.0,0,0
2023-09-30,P001,S002,143,3575.0,0,0
2023-09-30,P002,S001,162,6480.0,0,0
2023-09-30,P002,S002,141,5640.0,0,0
2023-09-30,P003,S001,173,2595.0,0,0
2023-09-30,P003,S002,170,2550.0,0,0
2023-10-01,P001,S001,166,4150.0,0,0
2023-10-01,P001,S002,165,4125.0,0,0
2023-10-01,P002,S001,164,6560.0,0,0
2023-10-01,P002,S002,158,6320.0,0,0
2023-10-01,P003,S001,147,2205.0,0,0
2023-10-01,P003,S002,167,2505.0,0,0
2023-10-02,P001,S001,163,4075.0,1,0
2023-10-02,P001,S002,134,3350.0,0,0
2023-10-02,P002,S001,172,6880.0,1,0
2023-10-02,P002,S002,135,5400.0,0,0
2023-10-02,P003,S001,150,2250.0,0,0
2023-10-02,P003,S002,114,1710.0,0,0
2023-10-03,P001,S001,173,4325.0,1,0
2023-10-03,P001,S002,131,3275.0,0,0
2023-10-03,P002,S001,142,5680.0,0,0
2023-10-03,P002,S002,124,4960.0,0,0
2023-10-03,P003,S001,145,2175.0,0,0
2023-10-03,P003,S002,147,2205.0,0,0
2023-10-04,P001,S001,135,3375.0,0,0
2023-10-04,P001,S002,180,4500.0,1,0
2023-10-04,P002,S001,139,5560.0,0,0
2023-10-04,P002,S002,123,4920.0,0,0
2023-10-04,P003,S001,184,2760.0,1,0
2023-10-04,P003,S002,126,1890.0,0,0
2023-10-05,P001,S001,113,2825.0,0,0
2023-10-05,P001,S002,142,3550.0,0,0
2023-10-05,P002,S001,145,5800.0,0,0
2023-10-05,P002,S002,126,5040.0,0,0
2023-10-05,P003,S001,130,1950.0,0,0
2023-10-05,P003,S002,150,2250.0,0,0
2023-10-06,P001,S001,148,3700.0,0,0
2023-10-06,P001,S002,151,3775.0,0,0
2023-10-06,P002,S001,149,5960.0,0,0
2023-10-06,P002,S002,141,5640.0,0,0
2023-10-06,P003,S001,153,2295.0,1,0
2023-10-06,P003,S002,129,1935.0,0,0
2023-10-07,P001,S001,208,5200.0,1,0
2023-10-07,P001,S002,141,3525.0,0,0
2023-10-07,P002,S001,173,6920.0,0,0
2023-10-07,P002,S002,165,6600.0,0,0
2023-10-07,P003,S001,188,2820.0,1,0
2023-10-07,P003,S002,138,2070.0,0,0
2023-10-08,P001,S001,142,3550.0,0,0
2023-10-08,P001,S002,149,3725.0,0,0
2023-10-08,P002,S001,163,6520.0,0,0
2023-10-08,P002,S002,170,6800.0,0,0
2023-10-08,P003,S001,166,2490.0,0,0
2023-10-08,P003,S002,167,2505.0,0,0
2023-10-09,P001,S001,129,3225.0,0,0
2023-10-09,P001,S002,142,3550.0,0,0
2023-10-09,P002,S001,147,5880.0,0,0
2023-10-09,P002,S002,156,6240.0,1,0
2023-10-09,P003,S001,115,1725.0,0,0
2023-10-09,P003,S002,140,2100.0,0,0
2023-10-10,P001,S001,137,3425.0,0,0
2023-10-10,P001,S002,127,3175.0,0,0
2023-10-10,P002,S001,141,5640.0,0,0
2023-10-10,P002,S002,140,5600.0,0,0
2023-10-10,P003,S001,125,1875.0,0,0
2023-10-10,P003,S002,113,1695.0,0,0
2023-10-11,P001,S001,144,3600.0,0,0
2023-10-11,P001,S002,173,4325.0,1,0
2023-10-11,P002,S001,113,4520.0,0,0
2023-10-11,P002,S002,146,5840.0,1,0
2023-10-11,P003,S001,171,2565.0,1,0
2023-10-11,P003,S002,149,2235.0,0,0
2023-10-12,P001,S001,135,3375.0,0,0
2023-10-12,P001,S002,121,3025.0,0,0
2023-10-12,P002,S001,138,5520.0,0,0
2023-10-12,P002,S002,112,4480.0,0,0
2023-10-12,P003,S001,154,2310.0,1,0
2023-10-12,P003,S002,123,1845.0,0,0
2023-10-13,P001,S001,117,2925.0,0,0
2023-10-13,P001,S002,162,4050.0,1,0
2023-10-13,P002,S001,116,4640.0,0,0
2023-10-13,P002,S002,146,5840.0,0,0
2023-10-13,P003,S001,113,1695.0,0,0
2023-10-13,P003,S002,114,1710.0,0,0
2023-10-14,P001,S001,155,3875.0,0,0
2023-10-14,P001,S002,159,3975.0,0,0
2023-10-14,P002,S001,180,7200.0,0,0
2023-10-14,P002,S002,210,8400.0,1,0
2023-10-14,P003,S001,153,2295.0,0,0
2023-10-14,P003,S002,169,2535.0,0,0
2023-10-15,P001,S001,176,4400.0,0,0
2023-10-15,P001,S002,196,4900.0,1,0
2023-10-15,P002,S001,139,5560.0,0,0
2023-10-15,P002,S002,154,6160.0,0,0
2023-10-15,P003,S001,177,2655.0,0,0
2023-10-15,P003,S002,157,2355.0,0,0
2023-10-16,P001,S001,140,3500.0,0,0
2023-10-16,P001,S002,147,3675.0,0,0
2023-10-16,P002,S001,130,5200.0,0,0
2023-10-16,P002,S002,131,5240.0,0,0
2023-10-16,P003,S001,178,2670.0,1,0
2023-10-16,P003,S002,172,2580.0,1,0
2023-10-17,P001,S001,113,2825.0,0,0
2023-10-17,P001,S002,140,3500.0,0,0
2023-10-17,P002,S001,124,4960.0,0,0
2023-10-17,P002,S002,129,5160.0,0,0
2023-10-17,P003,S001,122,1830.0,0,0
2023-10-17,P003,S002,120,1800.0,0,0
2023-10-18,P001,S001,120,3000.0,0,0
2023-10-18,P001,S002,137,3425.0,0,0
2023-10-18,P002,S001,151,6040.0,0,0
2023-10-18,P002,S002,126,5040.0,0,0
2023-10-18,P003,S001,113,1695.0,0,0
2023-10-18,P003,S002,148,2220.0,1,0
2023-10-19,P001,S001,192,4800.0,1,0
2023-10-19,P001,S002,134,3350.0,0,0
2023-10-19,P002,S001,128,5120.0,0,0
2023-10-19,P002,S002,114,4560.0,0,0
2023-10-19,P003,S001,131,1965.0,0,0
2023-10-19,P003,S002,148,2220.0,0,0
2023-10-20,P001,S001,145,3625.0,0,0
2023-10-20,P001,S002,128,3200.0,0,0
2023-10-20,P002,S001,128,5120.0,0,0
2023-10-20,P002,S002,132,5280.0,0,0
2023-10-20,P003,S001,169,2535.0,1,0
2023-10-20,P003,S002,146,2190.0,0,0
2023-10-21,P001,S001,159,3975.0,0,0
2023-10-21,P001,S002,177,4425.0,0,0
2023-10-21,P002,S001,146,5840.0,0,0
2023-10-21,P002,S002,173,6920.0,0,0
2023-10-21,P003,S001,183,2745.0,0,0
2023-10-21,P003,S002,173,2595.0,0,0
2023-10-22,P001,S001,159,3975.0,0,0
2023-10-22,P001,S002,201,5025.0,1,0
2023-10-22,P002,S001,137,5480.0,0,0
2023-10-22,P002,S002,147,5880.0,0,0
2023-10-22,P003,S001,141,2115.0,0,0
2023-10-22,P003,S002,155,2325.0,0,0
2023-10-23,P001,S001,141,3525.0,0,0
2023-10-23,P001,S002,116,2900.0,0,0
2023-10-23,P002,S001,160,6400.0,1,0
2023-10-23,P002,S002,191,7640.0,1,0
2023-10-23,P003,S001,119,1785.0,0,0
2023-10-23,P003,S002,186,2790.0,1,0
2023-10-24,P001,S001,126,3150.0,0,0
2023-10-24,P001,S002,117,2925.0,0,0
2023-10-24,P002,S001,136,5440.0,0,0
2023-10-24,P002,S002,132,5280.0,0,0
2023-10-24,P003,S001,138,2070.0,0,0
2023-10-24,P003,S002,155,2325.0,1,0
2023-10-25,P001,S001,118,2950.0,0,0
2023-10-25,P001,S002,142,3550.0,0,0
2023-10-25,P002,S001,161,6440.0,1,0
2023-10-25,P002,S002,150,6000.0,1,0
2023-10-25,P003,S001,115,1725.0,0,0
2023-10-25,P003,S002,174,2610.0,1,0
2023-10-26,P001,S001,146,3650.0,0,0
2023-10-26,P001,S002,114,2850.0,0,0
2023-10-26,P002,S001,163,6520.0,1,0
2023-10-26,P002,S002,131,5240.0,0,0
2023-10-26,P003,S001,114,1710.0,0,0
2023-10-26,P003,S002,114,1710.0,0,0
2023-10-27,P001,S001,148,3700.0,0,0
2023-10-27,P001,S002,180,4500.0,1,0
2023-10-27,P002,S001,149,5960.0,0,0
2023-10-27,P002,S002,119,4760.0,0,0
2023-10-27,P003,S001,186,2790.0,1,0
2023-10-27,P003,S002,141,2115.0,0,0
2023-10-28,P001,S001,146,3650.0,0,0
2023-10-28,P001,S002,146,3650.0,0,0
2023-10-28,P002,S001,173,6920.0,0,0
2023-10-28,P002,S002,157,6280.0,0,0
2023-10-28,P003,S001,176,2640.0,0,0
2023-10-28,P003,S002,146,2190.0,0,0
2023-10-29,P001,S001,151,3775.0,0,0
2023-10-29,P001,S002,149,3725.0,0,0
2023-10-29,P002,S001,157,6280.0,0,0
2023-10-29,P002,S002,183,7320.0,1,0
2023-10-29,P003,S001,168,2520.0,0,0
2023-10-29,P003,S002,180,2700.0,0,0
2023-10-30,P001,S001,127,3175.0,0,0
2023-10-30,P001,S002,123,3075.0,0,0
2023-10-30,P002,S001,114,4560.0,0,0
2023-10-30,P002,S002,170,6800.0,1,0
2023-10-30,P003,S001,122,1830.0,0,0
2023-10-30,P003,S002,144,2160.0,0,0
2023-10-31,P001,S001,138,3450.0,0,0
2023-10-31,P001,S002,149,3725.0,0,0
2023-10-31,P002,S001,147,5880.0,0,0
2023-10-31,P002,S002,168,6720.0,1,0
2023-10-31,P003,S001,129,1935.0,0,0
2023-10-31,P003,S002,159,2385.0,1,0
2023-11-01,P001,S001,203,5075.0,0,0
2023-11-01,P001,S002,194,4850.0,0,0
2023-11-01,P002,S001,164,6560.0,0,0
2023-11-01,P002,S002,164,6560.0,0,0
2023-11-01,P003,S001,206,3090.0,0,0
2023-11-01,P003,S002,213,3195.0,0,0
2023-11-02,P001,S001,226,5650.0,1,0
2023-11-02,P001,S002,198,4950.0,0,0
2023-11-02,P002,S001,164,6560.0,0,0
2023-11-02,P002,S002,160,6400.0,0,0
2023-11-02,P003,S001,216,3240.0,1,0
2023-11-02,P003,S002,168,2520.0,0,0
2023-11-03,P001,S001,257,6425.0,1,0
2023-11-03,P001,S002,235,5875.0,1,0
2023-11-03,P002,S001,172,6880.0,0,0
2023-11-03,P002,S002,189,7560.0,0,0
2023-11-03,P003,S001,173,2595.0,0,0
2023-11-03,P003,S002,218,3270.0,1,0
2023-11-04,P001,S001,249,6225.0,1,0
2023-11-04,P001,S002,213,5325.0,0,0
2023-11-04,P002,S001,229,9160.0,0,0
2023-11-04,P002,S002,218,8720.0,0,0
2023-11-04,P003,S001,236,3540.0,0,0
2023-11-04,P003,S002,269,4035.0,1,0
2023-11-05,P001,S001,230,5750.0,0,0
2023-11-05,P001,S002,223,5575.0,0,0
2023-11-05,P002,S001,200,8000.0,0,0
2023-11-05,P002,S002,197,7880.0,0,0
2023-11-05,P003,S001,235,3525.0,0,0
2023-11-05,P003,S002,312,4680.0,1,0
2023-11-06,P001,S001,208,5200.0,0,0
2023-11-06,P001,S002,239,5975.0,1,0
2023-11-06,P002,S001,213,8520.0,0,0
2023-11-06,P002,S002,209,8360.0,0,0
2023-11-06,P003,S001,169,2535.0,0,0
2023-11-06,P003,S002,191,2865.0,0,0
2023-11-07,P001,S001,279,6975.0,1,0
2023-11-07,P001,S002,161,4025.0,0,0
2023-11-07,P002,S001,251,10040.0,1,0
2023-11-07,P002,S002,186,7440.0,0,0
2023-11-07,P003,S001,202,3030.0,0,0
2023-11-07,P003,S002,176,2640.0,0,0
2023-11-08,P001,S001,255,6375.0,1,0
2023-11-08,P001,S002,174,4350.0,0,0
2023-11-08,P002,S001,172,6880.0,0,0
2023-11-08,P002,S002,188,7520.0,0,0
2023-11-08,P003,S001,194,2910.0,0,0
2023-11-08,P003,S002,196,2940.0,0,0
2023-11-09,P001,S001,159,3975.0,0,0
2023-11-09,P001,S002,211,5275.0,0,0
2023-11-09,P002,S001,224,8960.0,1,0
2023-11-09,P002,S002,193,7720.0,0,0
2023-11-09,P003,S001,234,3510.0,1,0
2023-11-09,P003,S002,162,2430.0,0,0
2023-11-10,P001,S001,213,5325.0,0,0
2023-11-10,P001,S002,175,4375.0,0,0
2023-11-10,P002,S001,198,7920.0,0,0
2023-11-10,P002,S002,180,7200.0,0,0
2023-11-10,P003,S001,208,3120.0,1,0
2023-11-10,P003,S002,211,3165.0,0,0
2023-11-11,P001,S001,208,5200.0,0,0
2023-11-11,P001,S002,246,6150.0,0,0
2023-11-11,P002,S001,254,10160.0,0,0
2023-11-11,P002,S002,203,8120.0,0,0
2023-11-11,P003,S001,217,3255.0,0,0
2023-11-11,P003,S002,244,3660.0,0,0
2023-11-12,P001,S001,259,6475.0,1,0
2023-11-12,P001,S002,223,5575.0,0,0
2023-11-12,P002,S001,215,8600.0,0,0
2023-11-12,P002,S002,237,9480.0,0,0
2023-11-12,P003,S001,204,3060.0,0,0
2023-11-12,P003,S002,319,4785.0,1,0
2023-11-13,P001,S001,176,4400.0,0,0
2023-11-13,P001,S002,175,4375.0,0,0
2023-11-13,P002,S001,200,8000.0,0,0
2023-11-13,P002,S002,164,6560.0,0,0
2023-11-13,P003,S001,168,2520.0,0,0
2023-11-13,P003,S002,215,3225.0,0,0
2023-11-14,P001,S001,167,4175.0,0,0
2023-11-14,P001,S002,212,5300.0,0,0
2023-11-14,P002,S001,180,7200.0,0,0
2023-11-14,P002,S002,236,9440.0,1,0
2023-11-14,P003,S001,171,2565.0,0,0
2023-11-14,P003,S002,177,2655.0,0,0
2023-11-15,P001,S001,175,4375.0,0,0
2023-11-15,P001,S002,163,4075.0,0,0
2023-11-15,P002,S001,182,7280.0,0,0
2023-11-15,P002,S002,235,9400.0,1,0
2023-11-15,P003,S001,174,2610.0,0,0
2023-11-15,P003,S002,162,2430.0,0,0
2023-11-16,P001,S001,168,4200.0,0,0
2023-11-16,P001,S002,202,5050.0,0,0
2023-11-16,P002,S001,191,7640.0,0,0
2023-11-16,P002,S002,188,7520.0,0,0
2023-11-16,P003,S001,177,2655.0,0,0
2023-11-16,P003,S002,201,3015.0,0,0
2023-11-17,P001,S001,221,5525.0,1,0
2023-11-17,P001,S002,210,5250.0,0,0
2023-11-17,P002,S001,190,7600.0,0,0
2023-11-17,P002,S002,166,6640.0,0,0
2023-11-17,P003,S001,189,2835.0,0,0
2023-11-17,P003,S002,185,2775.0,0,0
2023-11-18,P001,S001,231,5775.0,0,0
2023-11-18,P001,S002,228,5700.0,0,0
2023-11-18,P002,S001,245,9800.0,0,0
2023-11-18,P002,S002,202,8080.0,0,0
2023-11-18,P003,S001,237,3555.0,0,0
2023-11-18,P003,S002,219,3285.0,0,0
2023-11-19,P001,S001,237,5925.0,0,0
2023-11-19,P001,S002,231,5775.0,0,0
2023-11-19,P002,S001,319,12760.0,1,0
2023-11-19,P002,S002,335,13400.0,1,0
2023-11-19,P003,S001,234,3510.0,0,0
2023-11-19,P003,S002,250,3750.0,0,0
2023-11-20,P001,S001,215,5375.0,0,0
2023-11-20,P001,S002,204,5100.0,0,0
2023-11-20,P002,S001,170,6800.0,0,0
2023-11-20,P002,S002,161,6440.0,0,0
2023-11-20,P003,S001,208,3120.0,1,0
2023-11-20,P003,S002,180,2700.0,0,0
2023-11-21,P001,S001,199,4975.0,0,0
2023-11-21,P001,S002,166,4150.0,0,0
2023-11-21,P002,S001,193,7720.0,0,0
2023-11-21,P002,S002,201,8040.0,0,0
2023-11-21,P003,S001,183,2745.0,0,0
2023-11-21,P003,S002,161,2415.0,0,0
2023-11-22,P001,S001,215,5375.0,0,0
2023-11-22,P001,S002,232,5800.0,1,0
2023-11-22,P002,S001,207,8280.0,0,0
2023-11-22,P002,S002,161,6440.0,0,0
2023-11-22,P003,S001,188,2820.0,0,0
2023-11-22,P003,S002,258,3870.0,1,0
2023-11-23,P001,S001,170,4250.0,0,0
2023-11-23,P001,S002,207,5175.0,0,0
2023-11-23,P002,S001,196,7840.0,0,0
2023-11-23,P002,S002,206,8240.0,0,0
2023-11-23,P003,S001,174,2610.0,0,0
2023-11-23,P003,S002,172,2580.0,0,0
2023-11-24,P001,S001,171,4275.0,0,0
2023-11-24,P001,S002,179,4475.0,0,0
2023-11-24,P002,S001,188,7520.0,0,0
2023-11-24,P002,S002,175,7000.0,0,0
2023-11-24,P003,S001,194,2910.0,0,0
2023-11-24,P003,S002,177,2655.0,0,0
2023-11-25,P001,S001,315,7875.0,1,0
2023-11-25,P001,S002,293,7325.0,1,0
2023-11-25,P002,S001,239,9560.0,0,0
2023-11-25,P002,S002,222,8880.0,0,0
2023-11-25,P003,S001,248,3720.0,0,0
2023-11-25,P003,S002,253,3795.0,0,0
2023-11-26,P001,S001,291,7275.0,1,0
2023-11-26,P001,S002,234,5850.0,0,0
2023-11-26,P002,S001,288,11520.0,1,0
2023-11-26,P002,S002,223,8920.0,0,0
2023-11-26,P003,S001,292,4380.0,1,0
2023-11-26,P003,S002,245,3675.0,0,0
2023-11-27,P001,S001,249,6225.0,1,0
2023-11-27,P001,S002,186,4650.0,0,0
2023-11-27,P002,S001,263,10520.0,1,0
2023-11-27,P002,S002,210,8400.0,1,0
2023-11-27,P003,S001,196,2940.0,0,0
2023-11-27,P003,S002,212,3180.0,1,0
2023-11-28,P001,S001,248,6200.0,1,0
2023-11-28,P001,S002,178,4450.0,0,0
2023-11-28,P002,S001,190,7600.0,0,0
2023-11-28,P002,S002,169,6760.0,0,0
2023-11-28,P003,S001,218,3270.0,1,0
2023-11-28,P003,S002,186,2790.0,0,0
2023-11-29,P001,S001,203,5075.0,0,0
2023-11-29,P001,S002,205,5125.0,0,0
2023-11-29,P002,S001,166,6640.0,0,0
2023-11-29,P002,S002,185,7400.0,0,0
2023-11-29,P003,S001,202,3030.0,0,0
2023-11-29,P003,S002,182,2730.0,0,0
2023-11-30,P001,S001,173,4325.0,0,0
2023-11-30,P001,S002,184,4600.0,0,0
2023-11-30,P002,S001,170,6800.0,0,0
2023-11-30,P002,S002,208,8320.0,0,0
2023-11-30,P003,S001,188,2820.0,0,0
2023-11-30,P003,S002,233,3495.0,1,0
2023-12-01,P001,S001,165,4125.0,0,0
2023-12-01,P001,S002,165,4125.0,0,0
2023-12-01,P002,S001,261,10440.0,1,0
2023-12-01,P002,S002,200,8000.0,0,0
2023-12-01,P003,S001,186,2790.0,0,0
2023-12-01,P003,S002,279,4185.0,1,0
2023-12-02,P001,S001,256,6400.0,0,0
2023-12-02,P001,S002,229,5725.0,0,0
2023-12-02,P002,S001,207,8280.0,0,0
2023-12-02,P002,S002,209,8360.0,0,0
2023-12-02,P003,S001,218,3270.0,0,0
2023-12-02,P003,S002,259,3885.0,0,0
2023-12-03,P001,S001,223,5575.0,0,0
2023-12-03,P001,S002,196,4900.0,0,0
2023-12-03,P002,S001,231,9240.0,0,0
2023-12-03,P002,S002,203,8120.0,0,0
2023-12-03,P003,S001,210,3150.0,0,0
2023-12-03,P003,S002,193,2895.0,0,0
2023-12-04,P001,S001,178,4450.0,0,0
2023-12-04,P001,S002,216,5400.0,0,0
2023-12-04,P002,S001,168,6720.0,0,0
2023-12-04,P002,S002,194,7760.0,0,0
2023-12-04,P003,S001,209,3135.0,0,0
2023-12-04,P003,S002,227,3405.0,1,0
2023-12-05,P001,S001,162,4050.0,0,0
2023-12-05,P001,S002,184,4600.0,0,0
2023-12-05,P002,S001,172,6880.0,0,0
2023-12-05,P002,S002,184,7360.0,0,0
2023-12-05,P003,S001,199,2985.0,0,0
2023-12-05,P003,S002,209,3135.0,0,0
2023-12-06,P001,S001,205,5125.0,0,0
2023-12-06,P001,S002,167,4175.0,0,0
2023-12-06,P002,S001,185,7400.0,0,0
2023-12-06,P002,S002,219,8760.0,1,0
2023-12-06,P003,S001,182,2730.0,0,0
2023-12-06,P003,S002,233,3495.0,1,0
2023-12-07,P001,S001,275,6875.0,1,0
2023-12-07,P001,S002,206,5150.0,0,0
2023-12-07,P002,S001,227,9080.0,1,0
2023-12-07,P002,S002,190,7600.0,0,0
2023-12-07,P003,S001,161,2415.0,0,0
2023-12-07,P003,S002,176,2640.0,0,0
2023-12-08,P001,S001,170,4250.0,0,0
2023-12-08,P001,S002,261,6525.0,1,0
2023-12-08,P002,S001,197,7880.0,0,0
2023-12-08,P002,S002,215,8600.0,0,0
2023-12-08,P003,S001,175,2625.0,0,0
2023-12-08,P003,S002,278,4170.0,1,0
2023-12-09,P001,S001,245,6125.0,0,0
2023-12-09,P001,S002,228,5700.0,0,0
2023-12-09,P002,S001,205,8200.0,0,0
2023-12-09,P002,S002,263,10520.0,1,0
2023-12-09,P003,S001,257,3855.0,0,0
2023-12-09,P003,S002,259,3885.0,0,0
2023-12-10,P001,S001,300,7500.0,1,0
2023-12-10,P001,S002,214,5350.0,0,0
2023-12-10,P002,S001,214,8560.0,0,0
2023-12-10,P002,S002,259,10360.0,0,0
2023-12-10,P003,S001,243,3645.0,0,0
2023-12-10,P003,S002,234,3510.0,0,0
2023-12-11,P001,S001,230,5750.0,1,0
2023-12-11,P001,S002,198,4950.0,0,0
2023-12-11,P002,S001,200,8000.0,0,0
2023-12-11,P002,S002,175,7000.0,0,0
2023-12-11,P003,S001,277,4155.0,1,0
2023-12-11,P003,S002,209,3135.0,0,0
2023-12-12,P001,S001,185,4625.0,0,0
2023-12-12,P001,S002,185,4625.0,0,0
2023-12-12,P002,S001,162,6480.0,0,0
2023-12-12,P002,S002,205,8200.0,0,0
2023-12-12,P003,S001,197,2955.0,0,0
2023-12-12,P003,S002,210,3150.0,1,0
2023-12-13,P001,S001,206,5150.0,0,0
2023-12-13,P001,S002,179,4475.0,0,0
2023-12-13,P002,S001,211,8440.0,0,0
2023-12-13,P002,S002,211,8440.0,0,0
2023-12-13,P003,S001,199,2985.0,0,0
2023-12-13,P003,S002,258,3870.0,1,0
2023-12-14,P001,S001,190,4750.0,0,0
2023-12-14,P001,S002,237,5925.0,1,0
2023-12-14,P002,S001,166,6640.0,0,0
2023-12-14,P002,S002,216,8640.0,1,0
2023-12-14,P003,S001,184,2760.0,0,0
2023-12-14,P003,S002,200,3000.0,0,0
2023-12-15,P001,S001,195,4875.0,0,0
2023-12-15,P001,S002,208,5200.0,0,0
2023-12-15,P002,S001,212,8480.0,0,0
2023-12-15,P002,S002,211,8440.0,0,0
2023-12-15,P003,S001,192,2880.0,0,0
2023-12-15,P003,S002,276,4140.0,1,0
2023-12-16,P001,S001,212,5300.0,0,0
2023-12-16,P001,S002,220,5500.0,0,0
2023-12-16,P002,S001,212,8480.0,0,0
2023-12-16,P002,S002,258,10320.0,1,0
2023-12-16,P003,S001,205,3075.0,0,0
2023-12-16,P003,S002,197,2955.0,0,0
2023-12-17,P001,S001,246,6150.0,0,0
2023-12-17,P001,S002,271,6775.0,1,0
2023-12-17,P002,S001,226,9040.0,0,0
2023-12-17,P002,S002,319,12760.0,1,0
2023-12-17,P003,S001,239,3585.0,0,0
2023-12-17,P003,S002,252,3780.0,1,0
2023-12-18,P001,S001,213,5325.0,0,0
2023-12-18,P001,S002,192,4800.0,0,0
2023-12-18,P002,S001,181,7240.0,0,0
2023-12-18,P002,S002,198,7920.0,0,0
2023-12-18,P003,S001,202,3030.0,0,0
2023-12-18,P003,S002,221,3315.0,1,0
2023-12-19,P001,S001,184,4600.0,0,0
2023-12-19,P001,S002,175,4375.0,0,0
2023-12-19,P002,S001,211,8440.0,0,0
2023-12-19,P002,S002,213,8520.0,0,0
2023-12-19,P003,S001,218,3270.0,1,0
2023-12-19,P003,S002,215,3225.0,0,0
2023-12-20,P001,S001,217,5425.0,1,0
2023-12-20,P001,S002,170,4250.0,0,0
2023-12-20,P002,S001,223,8920.0,1,0
2023-12-20,P002,S002,210,8400.0,0,0
2023-12-20,P003,S001,196,2940.0,0,0
2023-12-20,P003,S002,210,3150.0,0,0
2023-12-21,P001,S001,200,5000.0,0,0
2023-12-21,P001,S002,174,4350.0,0,0
2023-12-21,P002,S001,185,7400.0,0,0
2023-12-21,P002,S002,207,8280.0,0,0
2023-12-21,P003,S001,244,3660.0,1,0
2023-12-21,P003,S002,196,2940.0,0,0
2023-12-22,P001,S001,241,6025.0,1,0
2023-12-22,P001,S002,176,4400.0,0,0
2023-12-22,P002,S001,187,7480.0,0,0
2023-12-22,P002,S002,167,6680.0,0,0
2023-12-22,P003,S001,174,2610.0,0,0
2023-12-22,P003,S002,185,2775.0,0,0
2023-12-23,P001,S001,234,5850.0,0,0
2023-12-23,P001,S002,225,5625.0,0,0
2023-12-23,P002,S001,208,8320.0,0,0
2023-12-23,P002,S002,254,10160.0,0,0
2023-12-23,P003,S001,222,3330.0,0,0
2023-12-23,P003,S002,228,3420.0,0,0
2023-12-24,P001,S001,349,8725.0,0,1
2023-12-24,P001,S002,309,7725.0,0,1
2023-12-24,P002,S001,374,14960.0,0,1
2023-12-24,P002,S002,397,15880.0,1,1
2023-12-24,P003,S001,313,4695.0,0,1
2023-12-24,P003,S002,325,4875.0,0,1
2023-12-25,P001,S001,303,7575.0,0,1
2023-12-25,P001,S002,255,6375.0,0,1
2023-12-25,P002,S001,312,12480.0,0,1
2023-12-25,P002,S002,295,11800.0,0,1
2023-12-25,P003,S001,293,4395.0,0,1
2023-12-25,P003,S002,250,3750.0,0,1
2023-12-26,P001,S001,259,6475.0,0,1
2023-12-26,P001,S002,299,7475.0,0,1
2023-12-26,P002,S001,244,9760.0,0,1
2023-12-26,P002,S002,295,11800.0,0,1
2023-12-26,P003,S001,381,5715.0,1,1
2023-12-26,P003,S002,292,4380.0,0,1
2023-12-27,P001,S001,408,10200.0,1,1
2023-12-27,P001,S002,263,6575.0,0,1
2023-12-27,P002,S001,286,11440.0,0,1
2023-12-27,P002,S002,286,11440.0,0,1
2023-12-27,P003,S001,305,4575.0,0,1
2023-12-27,P003,S002,348,5220.0,1,1
2023-12-28,P001,S001,279,6975.0,0,1
2023-12-28,P001,S002,410,10250.0,1,1
2023-12-28,P002,S001,302,12080.0,0,1
2023-12-28,P002,S002,371,14840.0,1,1
2023-12-28,P003,S001,308,4620.0,0,1
2023-12-28,P003,S002,276,4140.0,0,1
2023-12-29,P001,S001,397,9925.0,1,1
2023-12-29,P001,S002,261,6525.0,0,1
2023-12-29,P002,S001,267,10680.0,0,1
2023-12-29,P002,S002,307,12280.0,0,1
2023-12-29,P003,S001,282,4230.0,0,1
2023-12-29,P003,S002,327,4905.0,0,1
2023-12-30,P001,S001,300,7500.0,0,1
2023-12-30,P001,S002,353,8825.0,0,1
2023-12-30,P002,S001,335,13400.0,0,1
2023-12-30,P002,S002,297,11880.0,0,1
2023-12-30,P003,S001,344,5160.0,0,1
2023-12-30,P003,S002,302,4530.0,0,1
2023-12-31,P001,S001,302,7550.0,0,1
2023-12-31,P001,S002,312,7800.0,0,1
2023-12-31,P002,S001,310,12400.0,0,1
2023-12-31,P002,S002,494,19760.0,1,1
2023-12-31,P003,S001,326,4890.0,0,1
2023-12-31,P003,S002,343,5145.0,0,1
